id,name,line_no,line,zipcode,address,lat,lng
B11,南港展覽館,1,文湖線,11568,台北市南港區南港路一段32號,25.055288,121.6175001
B10,南港軟體園區,1,文湖線,11568,台北市南港區經貿二路183號,25.059905,121.615953
B9,東湖,1,文湖線,11486,台北市內湖區康寧路三段235號,25.067147,121.611445
B8,葫洲,1,文湖線,11486,台北市內湖區康寧路三段16號,25.072701,121.607158
B7,大湖公園,1,文湖線,11477,台北市內湖區成功路五段11號,25.083845,121.602141
B6,內湖,1,文湖線,11489,台北市內湖區成功路四段186號,25.083661,121.594408
B5,文德,1,文湖線,11475,台北市內湖區文德路214號,25.078532,121.584761
B4,港墘,1,文湖線,11446,台北市內湖區內湖路一段663號,25.080028,121.575081
B3,西湖,1,文湖線,11493,台北市內湖區內湖路一段256號,25.082133,121.567213
B2,劍南路,1,文湖線,10464,台北市中山區北安路798號,25.084853,121.555592
B1,大直,1,文湖線,10465,台北市中山區北安路534之1號,25.079477,121.546895
BR1,松山機場,1,文湖線,10576,台北市松山區敦化北路338號,25.063,121.551996
BR2,中山國中,1,文湖線,10476,台北市中山區復興北路376號,25.060849,121.544227
BR3,南京復興,1,文湖線,10550,台北市松山區南京東路三段253號,25.052319,121.544011
BR4,忠孝復興,1,文湖線,10654,台北市大安區忠孝東路四段47號,25.041629,121.543767
BR5,大安,1,文湖線,10683,台北市大安區信義路四段2號,25.032943,121.543551
BR6,科技大樓,1,文湖線,10667,台北市大安區復興南路二段235號,25.026125,121.543437
BR7,六張犁,1,文湖線,10674,台北市大安區和平東路三段168號,25.023777,121.553115
BR8,麟光,1,文湖線,10676,台北市大安區和平東路三段410號,25.018535,121.558791
BR9,辛亥,1,文湖線,11694,台北市文山區辛亥路四段128號,25.005475,121.557107
BR10,萬芳醫院,1,文湖線,11696,台北市文山區興隆路三段113號,24.999386,121.558152
BR11,萬芳社區,1,文湖線,11653,台北市文山區萬芳路60號,24.998585,121.568102
BR12,木柵,1,文湖線,11656,台北市文山區木柵路四段135號,24.998241,121.573145
BR13,動物園,1,文湖線,11656,台北市文山區新光路二段32號,24.998197,121.579338
R33,淡水,2,淡水信義線,25158,新北市淡水區中正路1號,25.167818,121.445561
R32,紅樹林,2,淡水信義線,25173,新北市淡水區中正東路二段68號,25.154042,121.458872
R31,竹圍,2,淡水信義線,25173,新北市淡水區民權路50號,25.13694,121.459479
R30,關渡,2,淡水信義線,11259,台北市北投區大度路三段296巷51號,25.125633,121.467102
R29,忠義,2,淡水信義線,11257,台北市北投區中央北路四段301號,25.130969,121.47341
R28,復興崗,2,淡水信義線,11257,台北市北投區中央北路三段53巷10號,25.137474,121.485444
R26,北投,2,淡水信義線,11246,台北市北投區光明路1號,25.131841,121.498633
R25,奇岩,2,淡水信義線,11270,台北市北投區三合街二段489號,25.125491,121.501132
R24,唭哩岸,2,淡水信義線,11265,台北市北投區東華街二段301號,25.120872,121.506252
R23,石牌,2,淡水信義線,11271,台北市北投區石牌路一段200號,25.114523,121.515559
R22,明德,2,淡水信義線,11280,台北市北投區明德路95號,25.109721,121.518848
R21,芝山,2,淡水信義線,11158,台北市士林區福國路70號,25.10306,121.522514
R20,士林,2,淡水信義線,11163,台北市士林區福德路1號,25.093535,121.52623
R18A,劍潭,2,淡水信義線,11163,台北市士林區中山北路五段65號,25.084873,121.525078
R17,圓山,2,淡水信義線,10367,台北市大同區酒泉街9之1號,25.071353,121.520118
R16,民權西路,2,淡水信義線,10365,台北市大同區民權西路72號,25.062905,121.51932
R15,雙連,2,淡水信義線,10354,台北市大同區民生西路47號,25.057805,121.520627
R14,中山,2,淡水信義線,10444,台北市中山區南京西路16號,25.052685,121.520392
R13,台北車站,2,淡水信義線,10041,台北市中正區忠孝西路一段49號,25.046255,121.517532
R12,台大醫院,2,淡水信義線,10048,台北市中正區公園路52號B1,25.041256,121.51604
R11,中正紀念堂,2,淡水信義線,10074,台北市中正區羅斯福路一段8之1號B1,25.032729,121.51827
R10,東門,2,淡水信義線,10650,台北市大安區信義路二段166號B1,25.033847,121.528739
R9,大安森林公園,2,淡水信義線,10656,台北市大安區信義路三段100號B1,25.033396,121.534882
R8,大安,2,淡水信義線,10683,台北市大安區信義路四段2號,25.032943,121.543551
R7,信義安和,2,淡水信義線,10681,台北市大安區信義路四段212之1號B1,25.033326,121.553526
R6,台北101/世貿,2,淡水信義線,11049,台北市信義區信義路五段20號B1,25.033102,121.563292
R5,象山,2,淡水信義線,11080,台北市信義區信義路五段152號B1,25.03283,121.569576
G22,松山,3,松山新店線,11088,台北市信義區松山路11號,25.049283,121.578012
G21,南京三民,3,松山新店線,10569,台北市松山區南京東路5段237號,25.051652,121.564708
G19,台北小巨蛋,3,松山新店線,10553,台北市松山區南京東路4段10-1號,25.051836,121.55153
G18,南京復興,3,松山新店線,10550,台北市松山區南京東路三段253號,25.052319,121.544011
G17,松江南京,3,松山新店線,10457,台北市中山區松江路126號B1,25.052015,121.533075
G16,中山,3,松山新店線,10444,台北市中山區南京西路16號,25.052685,121.520392
G14,北門,3,松山新店線,10341,台北市大同區塔城街10號,25.049554,121.510184
G13,西門,3,松山新店線,10042,台北市中正區寶慶路32之1號B1,25.04209,121.508303
G12,小南門,3,松山新店線,10066,台北市中正區愛國西路22號B1,25.035547,121.510857
G11,中正紀念堂,3,松山新店線,10074,台北市中正區羅斯福路一段8之1號B1,25.032729,121.51827
G10,古亭,3,松山新店線,10084,台北市中正區羅斯福路二段164之1號B1,25.026357,121.522873
G9,台電大樓,3,松山新店線,10089,台北市中正區羅斯福路三段126之5號B1,25.020725,121.528168
G7,公館,3,松山新店線,10091,台北市中正區羅斯福路四段74號B1,25.014908,121.534216
G6,萬隆,3,松山新店線,11678,台北市文山區羅斯福路五段214號,25.001853,121.539051
G5,景美,3,松山新店線,11674,台北市文山區羅斯福路六段393號,24.9921276,121.5406037
G4,大坪林,3,松山新店線,23143,新北市新店區北新路三段190號,24.982899,121.541352
G3,七張,3,松山新店線,23143,新北市新店區北新路二段150號,24.975169,121.542942
G2,新店區公所,3,松山新店線,23147,新北市新店區北新路一段295號,24.967393,121.54131
G1,新店,3,松山新店線,23152,新北市新店區北宜路一段2號,24.957855,121.537584
O43,蘆洲,4,中和新蘆線,24760,新北市蘆洲區三民路386號B1,25.091554,121.464471
O44,三民高中,4,中和新蘆線,24760,新北市蘆洲區三民路105號B1,25.085456,121.473389
O45,徐匯中學,4,中和新蘆線,24753,新北市蘆洲區中山一路3號B1,25.080728,121.479673
O46,三和國中,4,中和新蘆線,24152,新北市三重區三和路四段107號B1,25.076859,121.486347
O47,三重國小,4,中和新蘆線,24149,新北市三重區三和路三段5號B1,25.070319,121.496904
O59,迴龍,4,中和新蘆線,24257,新北市新莊區中正路758號B1,25.021862,121.41127
O60,丹鳳,4,中和新蘆線,24256,新北市新莊區中正路624之1號B1,25.0288671,121.4227079
O1,輔大,4,中和新蘆線,24205,新北市新莊區中正路510之1號B1,25.032718,121.43547
O2,新莊,4,中和新蘆線,24243,新北市新莊區中正路138號B1,25.036125,121.452468
O3,頭前庄,4,中和新蘆線,24251,新北市新莊區思源路18號B1,25.039705,121.461746
O4,先嗇宮,4,中和新蘆線,24158,新北市三重區重新路五段515號B1,25.046493,121.471916
O5,三重,4,中和新蘆線,24161,新北市三重區捷運路36號B1,25.055791,121.484725
O6,菜寮,4,中和新蘆線,24143,新北市三重區重新路三段150號B1,25.060274,121.492156
O7,台北橋,4,中和新蘆線,24142,新北市三重區重新路一段108號B1,25.063274,121.500762
O8,大橋頭,4,中和新蘆線,10357,台北市大同區民權西路223號B1,25.063256,121.51272
O9,民權西路,4,中和新蘆線,10365,台北市大同區民權西路72號,25.062905,121.51932
O10,中山國小,4,中和新蘆線,10452,台北市中山區民權東路一段71號B1,25.062694,121.526419
O11,行天宮,4,中和新蘆線,10468,台北市中山區松江路316號B1,25.059718,121.533185
O12,松江南京,4,中和新蘆線,10457,台北市中山區松江路126號B1,25.052015,121.533075
O13,忠孝新生,4,中和新蘆線,10652,台北市大安區新生南路一段67號,25.042356,121.532905
O14,東門,4,中和新蘆線,10650,台北市大安區信義路二段166號B1,25.033847,121.528739
O15,古亭,4,中和新蘆線,10084,台北市中正區羅斯福路二段164之1號B1,25.026357,121.522873
O16,頂溪,4,中和新蘆線,23445,新北市永和區永和路二段168號B1,25.013821,121.515485
O17,永安市場,4,中和新蘆線,23574,新北市中和區中和路388號,25.002876,121.511231
O18,景安,4,中和新蘆線,23582,新北市中和區景平路486號,24.993905,121.505113
O19,南勢角,4,中和新蘆線,23566,新北市中和區捷運路6號,24.990045,121.509237
BL18,南港展覽館,5,板南線,11568,台北市南港區研究院路一段1號,25.055288,121.6175001
BL17,南港,5,板南線,11561,台北市南港區忠孝東路七段380號,25.052116,121.606686
BL16,昆陽,5,板南線,11558,台北市南港區忠孝東路六段451號,25.050461,121.593268
BL15,後山埤,5,板南線,11575,台北市南港區忠孝東路六段2號,25.045055,121.582522
BL14,永春,5,板南線,11061,台北市信義區忠孝東路五段455號,25.040859,121.576293
BL13,市政府,5,板南線,11071,台北市信義區忠孝東路五段2號,25.041171,121.565228
BL12,國父紀念館,5,板南線,11072,台北市信義區忠孝東路四段400號,25.041349,121.557802
BL11,忠孝敦化,5,板南線,10686,台北市大安區忠孝東路四段182號,25.041478,121.551098
BL10,忠孝復興,5,板南線,10654,台北市大安區忠孝東路四段47號,25.041629,121.543767
BL9,忠孝新生,5,板南線,10652,台北市大安區新生南路一段67號,25.042356,121.532905
BL8,善導寺,5,板南線,10049,台北市中正區忠孝東路一段58號B1,25.044823,121.523208
BL7,台北車站,5,板南線,10041,台北市中正區忠孝西路一段49號,25.046255,121.517532
BL6,西門,5,板南線,10042,台北市中正區寶慶路32之1號B1,25.04209,121.508303
BL5,龍山寺,5,板南線,10855,台北市萬華區西園路一段153號,25.03528,121.499826
BL4,江子翠,5,板南線,22044,新北市板橋區文化路二段296號B1,25.03001,121.47239
BL3,新埔,5,板南線,22047,新北市板橋區民生路三段2號B1,25.023738,121.468361
BL2,板橋,5,板南線,22041,新北市板橋區站前路5號B1,25.013618,121.462302
BL1,府中,5,板南線,22055,新北市板橋區縣民大道一段193號B1,25.008619,121.459409
BL40,亞東醫院,5,板南線,22060,新北市板橋區南雅南路二段17號B1,24.998037,121.452514
BL39,海山,5,板南線,23660,新北市土城區海山路39號B2,24.985339,121.448786
BL38,土城,5,板南線,23671,新北市土城區金城路一段105號B1,24.973094,121.444362
BL37,永寧,5,板南線,23671,新北市土城區中央路三段105號B1,24.966726,121.436072
R27,新北投,,新北投支線,11268,台北市北投區大業路700號,25.136933,121.50253
G1A,小碧潭,,小碧潭支線,23150,新北市新店區中央路151號4樓,24.971907,121.530339
