{
    "result": {
        "offset": 0,
        "limit": 10000,
        "count": 252,
        "sort": "",
        "results": [
            {
                "_id": "1",
                "id": "058",
                "availableCar": "229",
                "availableMotor": "-9",
                "altPak1": "042",
                "altPak2": "019",
                "altPak3": "055"
            },
            {
                "_id": "2",
                "id": "057",
                "availableCar": "124",
                "availableMotor": "-9",
                "altPak1": "070",
                "altPak2": "081",
                "altPak3": "090"
            },
            {
                "_id": "3",
                "id": "056",
                "availableCar": "352",
                "availableMotor": "-9",
                "altPak1": "037",
                "altPak2": "080",
                "altPak3": "031"
            },
            {
                "_id": "4",
                "id": "055",
                "availableCar": "154",
                "availableMotor": "0",
                "altPak1": "019",
                "altPak2": "018",
                "altPak3": "071"
            },
            {
                "_id": "5",
                "id": "059",
                "availableCar": "526",
                "availableMotor": "-9",
                "altPak1": "073",
                "altPak2": "042",
                "altPak3": "099"
            },
            {
                "_id": "6",
                "id": "159",
                "availableCar": "-9",
                "availableMotor": "-9",
                "altPak1": "085",
                "altPak2": "116",
                "altPak3": "080"
            },
            {
                "_id": "7",
                "id": "158",
                "availableCar": "-9",
                "availableMotor": "-9",
                "altPak1": "116",
                "altPak2": "085",
                "altPak3": "080"
            },
            {
                "_id": "8",
                "id": "156",
                "availableCar": "-9",
                "availableMotor": "-9",
                "altPak1": "131",
                "altPak2": "005",
                "altPak3": "095"
            },
            {
                "_id": "9",
                "id": "153",
                "availableCar": "-9",
                "availableMotor": "-9",
                "altPak1": "031",
                "altPak2": "056",
                "altPak3": "060"
            },
            {
                "_id": "10",
                "id": "150",
                "availableCar": "-3",
                "availableMotor": "-9",
                "altPak1": null,
                "altPak2": null,
                "altPak3": null
            },
            {
                "_id": "11",
                "id": "050",
                "availableCar": "4",
                "availableMotor": "-9",
                "altPak1": "134",
                "altPak2": "096",
                "altPak3": "005"
            },
            {
                "_id": "12",
                "id": "053",
                "availableCar": "122",
                "availableMotor": "0",
                "altPak1": "052",
                "altPak2": "040",
                "altPak3": "023"
            },
            {
                "_id": "13",
                "id": "054",
                "availableCar": "42",
                "availableMotor": "-9",
                "altPak1": "064",
                "altPak2": "065",
                "altPak3": "075"
            },
            {
                "_id": "14",
                "id": "051",
                "availableCar": "19",
                "availableMotor": "-9",
                "altPak1": "173",
                "altPak2": "081",
                "altPak3": "098"
            },
            {
                "_id": "15",
                "id": "052",
                "availableCar": "36",
                "availableMotor": "-9",
                "altPak1": "053",
                "altPak2": "040",
                "altPak3": "023"
            },
            {
                "_id": "16",
                "id": "202",
                "availableCar": "87",
                "availableMotor": "127",
                "altPak1": null,
                "altPak2": null,
                "altPak3": null
            },
            {
                "_id": "17",
                "id": "067",
                "availableCar": "18",
                "availableMotor": "-9",
                "altPak1": "090",
                "altPak2": "007",
                "altPak3": "069"
            },
            {
                "_id": "18",
                "id": "066",
                "availableCar": "64",
                "availableMotor": "-9",
                "altPak1": "119",
                "altPak2": "035",
                "altPak3": "106"
            },
            {
                "_id": "19",
                "id": "203",
                "availableCar": "-9",
                "availableMotor": "-9",
                "altPak1": null,
                "altPak2": null,
                "altPak3": null
            },
            {
                "_id": "20",
                "id": "069",
                "availableCar": "41",
                "availableMotor": "44",
                "altPak1": "044",
                "altPak2": "007",
                "altPak3": "025"
            },
            {
                "_id": "21",
                "id": "204",
                "availableCar": "427",
                "availableMotor": "-9",
                "altPak1": null,
                "altPak2": null,
                "altPak3": null
            },
            {
                "_id": "22",
                "id": "068",
                "availableCar": "15",
                "availableMotor": "-9",
                "altPak1": "140",
                "altPak2": "139",
                "altPak3": "138"
            },
            {
                "_id": "23",
                "id": "205",
                "availableCar": "-3",
                "availableMotor": "0",
                "altPak1": null,
                "altPak2": null,
                "altPak3": null
            },
            {
                "_id": "24",
                "id": "200",
                "availableCar": "138",
                "availableMotor": "-9",
                "altPak1": null,
                "altPak2": null,
                "altPak3": null
            },
            {
                "_id": "25",
                "id": "201",
                "availableCar": "83",
                "availableMotor": "-9",
                "altPak1": null,
                "altPak2": null,
                "altPak3": null
            },
            {
                "_id": "26",
                "id": "206",
                "availableCar": "0",
                "availableMotor": "-9",
                "altPak1": null,
                "altPak2": null,
                "altPak3": null
            },
            {
                "_id": "27",
                "id": "165",
                "availableCar": "63",
                "availableMotor": "26",
                "altPak1": "038",
                "altPak2": "089",
                "altPak3": "022"
            },
            {
                "_id": "28",
                "id": "207",
                "availableCar": "-3",
                "availableMotor": "0",
                "altPak1": null,
                "altPak2": null,
                "altPak3": null
            },
            {
                "_id": "29",
                "id": "208",
                "availableCar": "-3",
                "availableMotor": "-9",
                "altPak1": null,
                "altPak2": null,
                "altPak3": null
            },
            {
                "_id": "30",
                "id": "209",
                "availableCar": "-9",
                "availableMotor": "-9",
                "altPak1": null,
                "altPak2": null,
                "altPak3": null
            },
            {
                "_id": "31",
                "id": "161",
                "availableCar": "29",
                "availableMotor": "-9",
                "altPak1": "127",
                "altPak2": "059",
                "altPak3": "073"
            },
            {
                "_id": "32",
                "id": "162",
                "availableCar": "-9",
                "availableMotor": "-9",
                "altPak1": "176",
                "altPak2": "086",
                "altPak3": "111"
            },
            {
                "_id": "33",
                "id": "164",
                "availableCar": "-9",
                "availableMotor": "-9",
                "altPak1": "028",
                "altPak2": "001",
                "altPak3": "008"
            },
            {
                "_id": "34",
                "id": "160",
                "availableCar": "-3",
                "availableMotor": "-9",
                "altPak1": "116",
                "altPak2": "085",
                "altPak3": "080"
            },
            {
                "_id": "35",
                "id": "060",
                "availableCar": "31",
                "availableMotor": "0",
                "altPak1": "062",
                "altPak2": "064",
                "altPak3": "065"
            },
            {
                "_id": "36",
                "id": "061",
                "availableCar": "-9",
                "availableMotor": "-9",
                "altPak1": "049",
                "altPak2": "176",
                "altPak3": "100"
            },
            {
                "_id": "37",
                "id": "062",
                "availableCar": "86",
                "availableMotor": "0",
                "altPak1": "065",
                "altPak2": "064",
                "altPak3": "054"
            },
            {
                "_id": "38",
                "id": "063",
                "availableCar": "-9",
                "availableMotor": "-9",
                "altPak1": null,
                "altPak2": null,
                "altPak3": null
            },
            {
                "_id": "39",
                "id": "064",
                "availableCar": "85",
                "availableMotor": "-9",
                "altPak1": "065",
                "altPak2": "054",
                "altPak3": "079"
            },
            {
                "_id": "40",
                "id": "065",
                "availableCar": "39",
                "availableMotor": "-9",
                "altPak1": "064",
                "altPak2": "054",
                "altPak3": "079"
            },
            {
                "_id": "41",
                "id": "211",
                "availableCar": "21",
                "availableMotor": "-9",
                "altPak1": null,
                "altPak2": null,
                "altPak3": null
            },
            {
                "_id": "42",
                "id": "212",
                "availableCar": "-9",
                "availableMotor": "-9",
                "altPak1": null,
                "altPak2": null,
                "altPak3": null
            },
            {
                "_id": "43",
                "id": "039",
                "availableCar": "68",
                "availableMotor": "-9",
                "altPak1": "124",
                "altPak2": "102",
                "altPak3": "020"
            },
            {
                "_id": "44",
                "id": "038",
                "availableCar": "53",
                "availableMotor": "-9",
                "altPak1": "165",
                "altPak2": "137",
                "altPak3": "089"
            },
            {
                "_id": "45",
                "id": "210",
                "availableCar": "0",
                "availableMotor": "-9",
                "altPak1": null,
                "altPak2": null,
                "altPak3": null
            },
            {
                "_id": "46",
                "id": "037",
                "availableCar": "185",
                "availableMotor": "-9",
                "altPak1": "031",
                "altPak2": "056",
                "altPak3": "080"
            },
            {
                "_id": "47",
                "id": "036",
                "availableCar": "36",
                "availableMotor": "0",
                "altPak1": "095",
                "altPak2": "100",
                "altPak3": "132"
            },
            {
                "_id": "48",
                "id": "215",
                "availableCar": "19",
                "availableMotor": "-9",
                "altPak1": null,
                "altPak2": null,
                "altPak3": null
            },
            {
                "_id": "49",
                "id": "216",
                "availableCar": "52",
                "availableMotor": "-9",
                "altPak1": null,
                "altPak2": null,
                "altPak3": null
            },
            {
                "_id": "50",
                "id": "035",
                "availableCar": "116",
                "availableMotor": "0",
                "altPak1": "082",
                "altPak2": "066",
                "altPak3": "106"
            },
            {
                "_id": "51",
                "id": "034",
                "availableCar": "0",
                "availableMotor": "-9",
                "altPak1": "113",
                "altPak2": "027",
                "altPak3": "085"
            },
            {
                "_id": "52",
                "id": "033",
                "availableCar": "0",
                "availableMotor": "-9",
                "altPak1": "060",
                "altPak2": "062",
                "altPak3": "059"
            },
            {
                "_id": "53",
                "id": "214",
                "availableCar": "251",
                "availableMotor": "910",
                "altPak1": null,
                "altPak2": null,
                "altPak3": null
            },
            {
                "_id": "54",
                "id": "219",
                "availableCar": "95",
                "availableMotor": "-9",
                "altPak1": null,
                "altPak2": null,
                "altPak3": null
            },
            {
                "_id": "55",
                "id": "217",
                "availableCar": "573",
                "availableMotor": "-9",
                "altPak1": null,
                "altPak2": null,
                "altPak3": null
            },
            {
                "_id": "56",
                "id": "177",
                "availableCar": "-3",
                "availableMotor": "-9",
                "altPak1": "012",
                "altPak2": "013",
                "altPak3": "187"
            },
            {
                "_id": "57",
                "id": "176",
                "availableCar": "139",
                "availableMotor": "-9",
                "altPak1": "086",
                "altPak2": "111",
                "altPak3": "134"
            },
            {
                "_id": "58",
                "id": "218",
                "availableCar": "87",
                "availableMotor": "0",
                "altPak1": null,
                "altPak2": null,
                "altPak3": null
            },
            {
                "_id": "59",
                "id": "174",
                "availableCar": "73",
                "availableMotor": "150",
                "altPak1": "120",
                "altPak2": "104",
                "altPak3": "043"
            },
            {
                "_id": "60",
                "id": "173",
                "availableCar": "53",
                "availableMotor": "-9",
                "altPak1": "098",
                "altPak2": "078",
                "altPak3": "109"
            },
            {
                "_id": "61",
                "id": "031",
                "availableCar": "23",
                "availableMotor": "0",
                "altPak1": "037",
                "altPak2": "056",
                "altPak3": "062"
            },
            {
                "_id": "62",
                "id": "032",
                "availableCar": "20",
                "availableMotor": "0",
                "altPak1": "040",
                "altPak2": "053",
                "altPak3": "052"
            },
            {
                "_id": "63",
                "id": "030",
                "availableCar": "35",
                "availableMotor": "-9",
                "altPak1": "071",
                "altPak2": "106",
                "altPak3": "019"
            },
            {
                "_id": "64",
                "id": "049",
                "availableCar": "28",
                "availableMotor": "-9",
                "altPak1": "100",
                "altPak2": "132",
                "altPak3": "095"
            },
            {
                "_id": "65",
                "id": "220",
                "availableCar": "7",
                "availableMotor": "-9",
                "altPak1": null,
                "altPak2": null,
                "altPak3": null
            },
            {
                "_id": "66",
                "id": "221",
                "availableCar": "-9",
                "availableMotor": "-9",
                "altPak1": null,
                "altPak2": null,
                "altPak3": null
            },
            {
                "_id": "67",
                "id": "048",
                "availableCar": "278",
                "availableMotor": "-9",
                "altPak1": "002",
                "altPak2": "107",
                "altPak3": "012"
            },
            {
                "_id": "68",
                "id": "222",
                "availableCar": "-9",
                "availableMotor": "-9",
                "altPak1": null,
                "altPak2": null,
                "altPak3": null
            },
            {
                "_id": "69",
                "id": "223",
                "availableCar": "4",
                "availableMotor": "-9",
                "altPak1": null,
                "altPak2": null,
                "altPak3": null
            },
            {
                "_id": "70",
                "id": "045",
                "availableCar": "-3",
                "availableMotor": "-9",
                "altPak1": "107",
                "altPak2": "008",
                "altPak3": "002"
            },
            {
                "_id": "71",
                "id": "224",
                "availableCar": "29",
                "availableMotor": "-9",
                "altPak1": null,
                "altPak2": null,
                "altPak3": null
            },
            {
                "_id": "72",
                "id": "225",
                "availableCar": "22",
                "availableMotor": "-9",
                "altPak1": null,
                "altPak2": null,
                "altPak3": null
            },
            {
                "_id": "73",
                "id": "044",
                "availableCar": "59",
                "availableMotor": "-9",
                "altPak1": "069",
                "altPak2": "025",
                "altPak3": "007"
            },
            {
                "_id": "74",
                "id": "226",
                "availableCar": "14",
                "availableMotor": "-9",
                "altPak1": null,
                "altPak2": null,
                "altPak3": null
            },
            {
                "_id": "75",
                "id": "047",
                "availableCar": "374",
                "availableMotor": "-9",
                "altPak1": "080",
                "altPak2": "037",
                "altPak3": "056"
            },
            {
                "_id": "76",
                "id": "227",
                "availableCar": "24",
                "availableMotor": "-9",
                "altPak1": null,
                "altPak2": null,
                "altPak3": null
            },
            {
                "_id": "77",
                "id": "228",
                "availableCar": "26",
                "availableMotor": "-9",
                "altPak1": null,
                "altPak2": null,
                "altPak3": null
            },
            {
                "_id": "78",
                "id": "188",
                "availableCar": "415",
                "availableMotor": "-9",
                "altPak1": "022",
                "altPak2": "026",
                "altPak3": "004"
            },
            {
                "_id": "79",
                "id": "187",
                "availableCar": "45",
                "availableMotor": "0",
                "altPak1": "014",
                "altPak2": "006",
                "altPak3": "013"
            },
            {
                "_id": "80",
                "id": "229",
                "availableCar": "22",
                "availableMotor": "26",
                "altPak1": null,
                "altPak2": null,
                "altPak3": null
            },
            {
                "_id": "81",
                "id": "189",
                "availableCar": "-9",
                "availableMotor": "-9",
                "altPak1": "035",
                "altPak2": "082",
                "altPak3": "106"
            },
            {
                "_id": "82",
                "id": "181",
                "availableCar": "102",
                "availableMotor": "-9",
                "altPak1": "182",
                "altPak2": "183",
                "altPak3": "087"
            },
            {
                "_id": "83",
                "id": "182",
                "availableCar": "174",
                "availableMotor": "-9",
                "altPak1": "181",
                "altPak2": "183",
                "altPak3": "087"
            },
            {
                "_id": "84",
                "id": "183",
                "availableCar": "403",
                "availableMotor": "-9",
                "altPak1": "182",
                "altPak2": "181",
                "altPak3": "023"
            },
            {
                "_id": "85",
                "id": "184",
                "availableCar": "-3",
                "availableMotor": "-9",
                "altPak1": "102",
                "altPak2": "020",
                "altPak3": "139"
            },
            {
                "_id": "86",
                "id": "186",
                "availableCar": "1182",
                "availableMotor": "-9",
                "altPak1": "075",
                "altPak2": "026",
                "altPak3": "004"
            },
            {
                "_id": "87",
                "id": "040",
                "availableCar": "13",
                "availableMotor": "-9",
                "altPak1": "053",
                "altPak2": "052",
                "altPak3": "032"
            },
            {
                "_id": "88",
                "id": "041",
                "availableCar": "-9",
                "availableMotor": "0",
                "altPak1": "013",
                "altPak2": "012",
                "altPak3": "187"
            },
            {
                "_id": "89",
                "id": "042",
                "availableCar": "251",
                "availableMotor": "29",
                "altPak1": "093",
                "altPak2": "073",
                "altPak3": "106"
            },
            {
                "_id": "90",
                "id": "043",
                "availableCar": "99",
                "availableMotor": "-9",
                "altPak1": "103",
                "altPak2": "120",
                "altPak3": "105"
            },
            {
                "_id": "91",
                "id": "116",
                "availableCar": "184",
                "availableMotor": "-9",
                "altPak1": "080",
                "altPak2": "024",
                "altPak3": "056"
            },
            {
                "_id": "92",
                "id": "117",
                "availableCar": "-9",
                "availableMotor": "-9",
                "altPak1": "085",
                "altPak2": "116",
                "altPak3": "047"
            },
            {
                "_id": "93",
                "id": "019",
                "availableCar": "65",
                "availableMotor": "0",
                "altPak1": "055",
                "altPak2": "071",
                "altPak3": "030"
            },
            {
                "_id": "94",
                "id": "114",
                "availableCar": "70",
                "availableMotor": "-9",
                "altPak1": "027",
                "altPak2": "085",
                "altPak3": "113"
            },
            {
                "_id": "95",
                "id": "115",
                "availableCar": "-9",
                "availableMotor": "-9",
                "altPak1": "128",
                "altPak2": "113",
                "altPak3": "114"
            },
            {
                "_id": "96",
                "id": "112",
                "availableCar": "-3",
                "availableMotor": "-9",
                "altPak1": "073",
                "altPak2": "035",
                "altPak3": "082"
            },
            {
                "_id": "97",
                "id": "113",
                "availableCar": "29",
                "availableMotor": "35",
                "altPak1": "027",
                "altPak2": "085",
                "altPak3": "114"
            },
            {
                "_id": "98",
                "id": "110",
                "availableCar": "4",
                "availableMotor": "-9",
                "altPak1": "129",
                "altPak2": "078",
                "altPak3": "098"
            },
            {
                "_id": "99",
                "id": "111",
                "availableCar": "23",
                "availableMotor": "0",
                "altPak1": "176",
                "altPak2": "086",
                "altPak3": "140"
            },
            {
                "_id": "100",
                "id": "013",
                "availableCar": "22",
                "availableMotor": "-9",
                "altPak1": "002",
                "altPak2": "012",
                "altPak3": "008"
            },
            {
                "_id": "101",
                "id": "014",
                "availableCar": "166",
                "availableMotor": "-9",
                "altPak1": "006",
                "altPak2": "012",
                "altPak3": "013"
            },
            {
                "_id": "102",
                "id": "011",
                "availableCar": "-9",
                "availableMotor": "-9",
                "altPak1": "010",
                "altPak2": "008",
                "altPak3": "001"
            },
            {
                "_id": "103",
                "id": "012",
                "availableCar": "21",
                "availableMotor": "-9",
                "altPak1": "002",
                "altPak2": "013",
                "altPak3": "008"
            },
            {
                "_id": "104",
                "id": "017",
                "availableCar": "-3",
                "availableMotor": "-9",
                "altPak1": "075",
                "altPak2": "186",
                "altPak3": "054"
            },
            {
                "_id": "105",
                "id": "018",
                "availableCar": "659",
                "availableMotor": "-9",
                "altPak1": "015",
                "altPak2": "055",
                "altPak3": "016"
            },
            {
                "_id": "106",
                "id": "118",
                "availableCar": "-3",
                "availableMotor": "-9",
                "altPak1": "116",
                "altPak2": "080",
                "altPak3": "024"
            },
            {
                "_id": "107",
                "id": "015",
                "availableCar": "370",
                "availableMotor": "1613",
                "altPak1": "018",
                "altPak2": "016",
                "altPak3": "055"
            },
            {
                "_id": "108",
                "id": "119",
                "availableCar": "40",
                "availableMotor": "34",
                "altPak1": "066",
                "altPak2": "094",
                "altPak3": "021"
            },
            {
                "_id": "109",
                "id": "016",
                "availableCar": "366",
                "availableMotor": "-9",
                "altPak1": "015",
                "altPak2": "018",
                "altPak3": "019"
            },
            {
                "_id": "110",
                "id": "010",
                "availableCar": "99",
                "availableMotor": "-9",
                "altPak1": "008",
                "altPak2": "001",
                "altPak3": "002"
            },
            {
                "_id": "111",
                "id": "126",
                "availableCar": "-9",
                "availableMotor": "-9",
                "altPak1": "054",
                "altPak2": "064",
                "altPak3": "065"
            },
            {
                "_id": "112",
                "id": "127",
                "availableCar": "61",
                "availableMotor": "-9",
                "altPak1": "161",
                "altPak2": "016",
                "altPak3": "042"
            },
            {
                "_id": "113",
                "id": "128",
                "availableCar": "70",
                "availableMotor": "157",
                "altPak1": "113",
                "altPak2": "114",
                "altPak3": "027"
            },
            {
                "_id": "114",
                "id": "121",
                "availableCar": "-9",
                "availableMotor": "-9",
                "altPak1": "022",
                "altPak2": "188",
                "altPak3": "089"
            },
            {
                "_id": "115",
                "id": "123",
                "availableCar": "-9",
                "availableMotor": "-9",
                "altPak1": "047",
                "altPak2": "085",
                "altPak3": "080"
            },
            {
                "_id": "116",
                "id": "124",
                "availableCar": "39",
                "availableMotor": "-9",
                "altPak1": "039",
                "altPak2": "102",
                "altPak3": "020"
            },
            {
                "_id": "117",
                "id": "022",
                "availableCar": "184",
                "availableMotor": "-9",
                "altPak1": "188",
                "altPak2": "089",
                "altPak3": "038"
            },
            {
                "_id": "118",
                "id": "023",
                "availableCar": "90",
                "availableMotor": "0",
                "altPak1": "182",
                "altPak2": "183",
                "altPak3": "181"
            },
            {
                "_id": "119",
                "id": "024",
                "availableCar": "14",
                "availableMotor": "-9",
                "altPak1": "080",
                "altPak2": "116",
                "altPak3": "056"
            },
            {
                "_id": "120",
                "id": "025",
                "availableCar": "26",
                "availableMotor": "0",
                "altPak1": "044",
                "altPak2": "069",
                "altPak3": "007"
            },
            {
                "_id": "121",
                "id": "129",
                "availableCar": "25",
                "availableMotor": "-9",
                "altPak1": "092",
                "altPak2": "078",
                "altPak3": "149"
            },
            {
                "_id": "122",
                "id": "026",
                "availableCar": "302",
                "availableMotor": "-9",
                "altPak1": "004",
                "altPak2": "188",
                "altPak3": "032"
            },
            {
                "_id": "123",
                "id": "027",
                "availableCar": "14",
                "availableMotor": "-9",
                "altPak1": "114",
                "altPak2": "113",
                "altPak3": "085"
            },
            {
                "_id": "124",
                "id": "028",
                "availableCar": "70",
                "availableMotor": "-9",
                "altPak1": "001",
                "altPak2": "008",
                "altPak3": "079"
            },
            {
                "_id": "125",
                "id": "029",
                "availableCar": "22",
                "availableMotor": "-9",
                "altPak1": "081",
                "altPak2": "120",
                "altPak3": "174"
            },
            {
                "_id": "126",
                "id": "021",
                "availableCar": "68",
                "availableMotor": "-9",
                "altPak1": "102",
                "altPak2": "020",
                "altPak3": "094"
            },
            {
                "_id": "127",
                "id": "020",
                "availableCar": "125",
                "availableMotor": "-9",
                "altPak1": "021",
                "altPak2": "094",
                "altPak3": "102"
            },
            {
                "_id": "128",
                "id": "120",
                "availableCar": "390",
                "availableMotor": "185",
                "altPak1": "103",
                "altPak2": "174",
                "altPak3": "043"
            },
            {
                "_id": "129",
                "id": "134",
                "availableCar": "13",
                "availableMotor": "-9",
                "altPak1": "096",
                "altPak2": "086",
                "altPak3": "005"
            },
            {
                "_id": "130",
                "id": "135",
                "availableCar": "7",
                "availableMotor": "-9",
                "altPak1": "137",
                "altPak2": "105",
                "altPak3": "038"
            },
            {
                "_id": "131",
                "id": "132",
                "availableCar": "15",
                "availableMotor": "-9",
                "altPak1": "100",
                "altPak2": "049",
                "altPak3": "095"
            },
            {
                "_id": "132",
                "id": "133",
                "availableCar": "6",
                "availableMotor": "-9",
                "altPak1": "005",
                "altPak2": "134",
                "altPak3": "096"
            },
            {
                "_id": "133",
                "id": "138",
                "availableCar": "47",
                "availableMotor": "-9",
                "altPak1": "139",
                "altPak2": "102",
                "altPak3": "072"
            },
            {
                "_id": "134",
                "id": "139",
                "availableCar": "42",
                "availableMotor": "-9",
                "altPak1": "138",
                "altPak2": "102",
                "altPak3": "072"
            },
            {
                "_id": "135",
                "id": "136",
                "availableCar": "3",
                "availableMotor": "-9",
                "altPak1": "137",
                "altPak2": "038",
                "altPak3": "105"
            },
            {
                "_id": "136",
                "id": "137",
                "availableCar": "27",
                "availableMotor": "-9",
                "altPak1": "038",
                "altPak2": "022",
                "altPak3": "105"
            },
            {
                "_id": "137",
                "id": "131",
                "availableCar": "19",
                "availableMotor": "-9",
                "altPak1": "095",
                "altPak2": "100",
                "altPak3": "132"
            },
            {
                "_id": "138",
                "id": "008",
                "availableCar": "296",
                "availableMotor": "-9",
                "altPak1": "010",
                "altPak2": "002",
                "altPak3": "001"
            },
            {
                "_id": "139",
                "id": "009",
                "availableCar": "-9",
                "availableMotor": "-9",
                "altPak1": "008",
                "altPak2": "002",
                "altPak3": "010"
            },
            {
                "_id": "140",
                "id": "149",
                "availableCar": "91",
                "availableMotor": "26",
                "altPak1": "129",
                "altPak2": "092",
                "altPak3": "078"
            },
            {
                "_id": "141",
                "id": "004",
                "availableCar": "26",
                "availableMotor": "-9",
                "altPak1": "026",
                "altPak2": "188",
                "altPak3": "028"
            },
            {
                "_id": "142",
                "id": "005",
                "availableCar": "19",
                "availableMotor": "62",
                "altPak1": "134",
                "altPak2": "096",
                "altPak3": "036"
            },
            {
                "_id": "143",
                "id": "006",
                "availableCar": "426",
                "availableMotor": "-9",
                "altPak1": "014",
                "altPak2": "012",
                "altPak3": "013"
            },
            {
                "_id": "144",
                "id": "007",
                "availableCar": "58",
                "availableMotor": "158",
                "altPak1": "069",
                "altPak2": "067",
                "altPak3": "090"
            },
            {
                "_id": "145",
                "id": "001",
                "availableCar": "1226",
                "availableMotor": "2880",
                "altPak1": "010",
                "altPak2": "008",
                "altPak3": "002"
            },
            {
                "_id": "146",
                "id": "002",
                "availableCar": "414",
                "availableMotor": "-9",
                "altPak1": "008",
                "altPak2": "013",
                "altPak3": "012"
            },
            {
                "_id": "147",
                "id": "003",
                "availableCar": "26",
                "availableMotor": "0",
                "altPak1": "107",
                "altPak2": "088",
                "altPak3": "002"
            },
            {
                "_id": "148",
                "id": "140",
                "availableCar": "82",
                "availableMotor": "-9",
                "altPak1": "068",
                "altPak2": "139",
                "altPak3": "138"
            },
            {
                "_id": "149",
                "id": "142",
                "availableCar": "-3",
                "availableMotor": "0",
                "altPak1": "128",
                "altPak2": "113",
                "altPak3": "114"
            },
            {
                "_id": "150",
                "id": "141",
                "availableCar": "1",
                "availableMotor": "-9",
                "altPak1": "140",
                "altPak2": "068",
                "altPak3": "111"
            },
            {
                "_id": "151",
                "id": "281",
                "availableCar": "25",
                "availableMotor": "-9",
                "altPak1": null,
                "altPak2": null,
                "altPak3": null
            },
            {
                "_id": "152",
                "id": "280",
                "availableCar": "30",
                "availableMotor": "-9",
                "altPak1": null,
                "altPak2": null,
                "altPak3": null
            },
            {
                "_id": "153",
                "id": "282",
                "availableCar": "30",
                "availableMotor": "-9",
                "altPak1": null,
                "altPak2": null,
                "altPak3": null
            },
            {
                "_id": "154",
                "id": "270",
                "availableCar": "-9",
                "availableMotor": "-9",
                "altPak1": null,
                "altPak2": null,
                "altPak3": null
            },
            {
                "_id": "155",
                "id": "272",
                "availableCar": "-9",
                "availableMotor": "-9",
                "altPak1": null,
                "altPak2": null,
                "altPak3": null
            },
            {
                "_id": "156",
                "id": "271",
                "availableCar": "-9",
                "availableMotor": "-9",
                "altPak1": null,
                "altPak2": null,
                "altPak3": null
            },
            {
                "_id": "157",
                "id": "274",
                "availableCar": "10",
                "availableMotor": "-9",
                "altPak1": null,
                "altPak2": null,
                "altPak3": null
            },
            {
                "_id": "158",
                "id": "273",
                "availableCar": "12",
                "availableMotor": "-9",
                "altPak1": null,
                "altPak2": null,
                "altPak3": null
            },
            {
                "_id": "159",
                "id": "275",
                "availableCar": "35",
                "availableMotor": "-9",
                "altPak1": null,
                "altPak2": null,
                "altPak3": null
            },
            {
                "_id": "160",
                "id": "276",
                "availableCar": "14",
                "availableMotor": "-9",
                "altPak1": null,
                "altPak2": null,
                "altPak3": null
            },
            {
                "_id": "161",
                "id": "277",
                "availableCar": "27",
                "availableMotor": "-9",
                "altPak1": null,
                "altPak2": null,
                "altPak3": null
            },
            {
                "_id": "162",
                "id": "278",
                "availableCar": "29",
                "availableMotor": "-9",
                "altPak1": null,
                "altPak2": null,
                "altPak3": null
            },
            {
                "_id": "163",
                "id": "279",
                "availableCar": "28",
                "availableMotor": "-9",
                "altPak1": null,
                "altPak2": null,
                "altPak3": null
            },
            {
                "_id": "164",
                "id": "109",
                "availableCar": "46",
                "availableMotor": "-9",
                "altPak1": "173",
                "altPak2": "105",
                "altPak3": "098"
            },
            {
                "_id": "165",
                "id": "107",
                "availableCar": "79",
                "availableMotor": "38",
                "altPak1": "010",
                "altPak2": "088",
                "altPak3": "008"
            },
            {
                "_id": "166",
                "id": "106",
                "availableCar": "156",
                "availableMotor": "108",
                "altPak1": "093",
                "altPak2": "071",
                "altPak3": "035"
            },
            {
                "_id": "167",
                "id": "105",
                "availableCar": "54",
                "availableMotor": "8",
                "altPak1": "137",
                "altPak2": "038",
                "altPak3": "043"
            },
            {
                "_id": "168",
                "id": "104",
                "availableCar": "9999",
                "availableMotor": "-9",
                "altPak1": null,
                "altPak2": null,
                "altPak3": null
            },
            {
                "_id": "169",
                "id": "103",
                "availableCar": "277",
                "availableMotor": "57",
                "altPak1": "120",
                "altPak2": "043",
                "altPak3": "174"
            },
            {
                "_id": "170",
                "id": "102",
                "availableCar": "53",
                "availableMotor": "39",
                "altPak1": "020",
                "altPak2": "138",
                "altPak3": "021"
            },
            {
                "_id": "171",
                "id": "101",
                "availableCar": "-3",
                "availableMotor": "-9",
                "altPak1": "128",
                "altPak2": "113",
                "altPak3": "114"
            },
            {
                "_id": "172",
                "id": "100",
                "availableCar": "53",
                "availableMotor": "-9",
                "altPak1": "132",
                "altPak2": "049",
                "altPak3": "095"
            },
            {
                "_id": "173",
                "id": "092",
                "availableCar": "103",
                "availableMotor": "-9",
                "altPak1": "129",
                "altPak2": "078",
                "altPak3": "149"
            },
            {
                "_id": "174",
                "id": "091",
                "availableCar": "-9",
                "availableMotor": "-9",
                "altPak1": "007",
                "altPak2": "067",
                "altPak3": "015"
            },
            {
                "_id": "175",
                "id": "094",
                "availableCar": "88",
                "availableMotor": "137",
                "altPak1": "021",
                "altPak2": "020",
                "altPak3": "102"
            },
            {
                "_id": "176",
                "id": "093",
                "availableCar": "79",
                "availableMotor": "110",
                "altPak1": "106",
                "altPak2": "042",
                "altPak3": "071"
            },
            {
                "_id": "177",
                "id": "240",
                "availableCar": "162",
                "availableMotor": "-9",
                "altPak1": null,
                "altPak2": null,
                "altPak3": null
            },
            {
                "_id": "178",
                "id": "096",
                "availableCar": "35",
                "availableMotor": "-9",
                "altPak1": "134",
                "altPak2": "005",
                "altPak3": "086"
            },
            {
                "_id": "179",
                "id": "241",
                "availableCar": "42",
                "availableMotor": "-9",
                "altPak1": null,
                "altPak2": null,
                "altPak3": null
            },
            {
                "_id": "180",
                "id": "095",
                "availableCar": "63",
                "availableMotor": "-9",
                "altPak1": "100",
                "altPak2": "132",
                "altPak3": "049"
            },
            {
                "_id": "181",
                "id": "098",
                "availableCar": "53",
                "availableMotor": "-9",
                "altPak1": "173",
                "altPak2": "078",
                "altPak3": "129"
            },
            {
                "_id": "182",
                "id": "097",
                "availableCar": "3",
                "availableMotor": "-9",
                "altPak1": "039",
                "altPak2": "124",
                "altPak3": "119"
            },
            {
                "_id": "183",
                "id": "195",
                "availableCar": "-9",
                "availableMotor": "-9",
                "altPak1": null,
                "altPak2": null,
                "altPak3": null
            },
            {
                "_id": "184",
                "id": "194",
                "availableCar": "446",
                "availableMotor": "-9",
                "altPak1": null,
                "altPak2": null,
                "altPak3": null
            },
            {
                "_id": "185",
                "id": "197",
                "availableCar": "-9",
                "availableMotor": "-9",
                "altPak1": null,
                "altPak2": null,
                "altPak3": null
            },
            {
                "_id": "186",
                "id": "196",
                "availableCar": "56",
                "availableMotor": "-9",
                "altPak1": null,
                "altPak2": null,
                "altPak3": null
            },
            {
                "_id": "187",
                "id": "191",
                "availableCar": "-9",
                "availableMotor": "-9",
                "altPak1": null,
                "altPak2": null,
                "altPak3": null
            },
            {
                "_id": "188",
                "id": "190",
                "availableCar": "72",
                "availableMotor": "0",
                "altPak1": null,
                "altPak2": null,
                "altPak3": null
            },
            {
                "_id": "189",
                "id": "193",
                "availableCar": "94",
                "availableMotor": "-9",
                "altPak1": null,
                "altPak2": null,
                "altPak3": null
            },
            {
                "_id": "190",
                "id": "090",
                "availableCar": "34",
                "availableMotor": "-9",
                "altPak1": "067",
                "altPak2": "007",
                "altPak3": "069"
            },
            {
                "_id": "191",
                "id": "192",
                "availableCar": "140",
                "availableMotor": "-9",
                "altPak1": null,
                "altPak2": null,
                "altPak3": null
            },
            {
                "_id": "192",
                "id": "198",
                "availableCar": "19",
                "availableMotor": "-9",
                "altPak1": null,
                "altPak2": null,
                "altPak3": null
            },
            {
                "_id": "193",
                "id": "199",
                "availableCar": "156",
                "availableMotor": "-9",
                "altPak1": null,
                "altPak2": null,
                "altPak3": null
            },
            {
                "_id": "194",
                "id": "245",
                "availableCar": "-9",
                "availableMotor": "-9",
                "altPak1": null,
                "altPak2": null,
                "altPak3": null
            },
            {
                "_id": "195",
                "id": "099",
                "availableCar": "135",
                "availableMotor": "75",
                "altPak1": "073",
                "altPak2": "059",
                "altPak3": "058"
            },
            {
                "_id": "196",
                "id": "244",
                "availableCar": "141",
                "availableMotor": "-9",
                "altPak1": null,
                "altPak2": null,
                "altPak3": null
            },
            {
                "_id": "197",
                "id": "243",
                "availableCar": "76",
                "availableMotor": "-9",
                "altPak1": null,
                "altPak2": null,
                "altPak3": null
            },
            {
                "_id": "198",
                "id": "242",
                "availableCar": "65",
                "availableMotor": "-9",
                "altPak1": null,
                "altPak2": null,
                "altPak3": null
            },
            {
                "_id": "199",
                "id": "249",
                "availableCar": "26",
                "availableMotor": "89",
                "altPak1": null,
                "altPak2": null,
                "altPak3": null
            },
            {
                "_id": "200",
                "id": "248",
                "availableCar": "64",
                "availableMotor": "-9",
                "altPak1": null,
                "altPak2": null,
                "altPak3": null
            },
            {
                "_id": "201",
                "id": "247",
                "availableCar": "39",
                "availableMotor": "-9",
                "altPak1": null,
                "altPak2": null,
                "altPak3": null
            },
            {
                "_id": "202",
                "id": "246",
                "availableCar": "80",
                "availableMotor": "-9",
                "altPak1": null,
                "altPak2": null,
                "altPak3": null
            },
            {
                "_id": "203",
                "id": "230",
                "availableCar": "-9",
                "availableMotor": "-9",
                "altPak1": null,
                "altPak2": null,
                "altPak3": null
            },
            {
                "_id": "204",
                "id": "239",
                "availableCar": "119",
                "availableMotor": "-9",
                "altPak1": null,
                "altPak2": null,
                "altPak3": null
            },
            {
                "_id": "205",
                "id": "232",
                "availableCar": "102",
                "availableMotor": "-9",
                "altPak1": null,
                "altPak2": null,
                "altPak3": null
            },
            {
                "_id": "206",
                "id": "231",
                "availableCar": "14",
                "availableMotor": "-9",
                "altPak1": null,
                "altPak2": null,
                "altPak3": null
            },
            {
                "_id": "207",
                "id": "234",
                "availableCar": "330",
                "availableMotor": "-9",
                "altPak1": null,
                "altPak2": null,
                "altPak3": null
            },
            {
                "_id": "208",
                "id": "233",
                "availableCar": "145",
                "availableMotor": "-9",
                "altPak1": null,
                "altPak2": null,
                "altPak3": null
            },
            {
                "_id": "209",
                "id": "236",
                "availableCar": "97",
                "availableMotor": "-9",
                "altPak1": null,
                "altPak2": null,
                "altPak3": null
            },
            {
                "_id": "210",
                "id": "235",
                "availableCar": "115",
                "availableMotor": "-9",
                "altPak1": null,
                "altPak2": null,
                "altPak3": null
            },
            {
                "_id": "211",
                "id": "238",
                "availableCar": "70",
                "availableMotor": "-9",
                "altPak1": null,
                "altPak2": null,
                "altPak3": null
            },
            {
                "_id": "212",
                "id": "237",
                "availableCar": "56",
                "availableMotor": "-9",
                "altPak1": null,
                "altPak2": null,
                "altPak3": null
            },
            {
                "_id": "213",
                "id": "074",
                "availableCar": "0",
                "availableMotor": "-9",
                "altPak1": "186",
                "altPak2": "075",
                "altPak3": "026"
            },
            {
                "_id": "214",
                "id": "262",
                "availableCar": "-9",
                "availableMotor": "-9",
                "altPak1": null,
                "altPak2": null,
                "altPak3": null
            },
            {
                "_id": "215",
                "id": "263",
                "availableCar": "66",
                "availableMotor": "-9",
                "altPak1": null,
                "altPak2": null,
                "altPak3": null
            },
            {
                "_id": "216",
                "id": "073",
                "availableCar": "328",
                "availableMotor": "0",
                "altPak1": "099",
                "altPak2": "042",
                "altPak3": "082"
            },
            {
                "_id": "217",
                "id": "260",
                "availableCar": "391",
                "availableMotor": "-9",
                "altPak1": null,
                "altPak2": null,
                "altPak3": null
            },
            {
                "_id": "218",
                "id": "076",
                "availableCar": "-3",
                "availableMotor": "-9",
                "altPak1": "176",
                "altPak2": "049",
                "altPak3": "100"
            },
            {
                "_id": "219",
                "id": "261",
                "availableCar": "-9",
                "availableMotor": "-9",
                "altPak1": null,
                "altPak2": null,
                "altPak3": null
            },
            {
                "_id": "220",
                "id": "075",
                "availableCar": "28",
                "availableMotor": "-9",
                "altPak1": "186",
                "altPak2": "040",
                "altPak3": "054"
            },
            {
                "_id": "221",
                "id": "070",
                "availableCar": "17",
                "availableMotor": "7",
                "altPak1": "083",
                "altPak2": "087",
                "altPak3": "181"
            },
            {
                "_id": "222",
                "id": "072",
                "availableCar": "88",
                "availableMotor": "52",
                "altPak1": "139",
                "altPak2": "138",
                "altPak3": "068"
            },
            {
                "_id": "223",
                "id": "071",
                "availableCar": "86",
                "availableMotor": "-9",
                "altPak1": "106",
                "altPak2": "030",
                "altPak3": "093"
            },
            {
                "_id": "224",
                "id": "269",
                "availableCar": "-9",
                "availableMotor": "-9",
                "altPak1": null,
                "altPak2": null,
                "altPak3": null
            },
            {
                "_id": "225",
                "id": "268",
                "availableCar": "-9",
                "availableMotor": "-9",
                "altPak1": null,
                "altPak2": null,
                "altPak3": null
            },
            {
                "_id": "226",
                "id": "077",
                "availableCar": "-9",
                "availableMotor": "-9",
                "altPak1": "075",
                "altPak2": "049",
                "altPak3": "099"
            },
            {
                "_id": "227",
                "id": "267",
                "availableCar": "-9",
                "availableMotor": "-9",
                "altPak1": null,
                "altPak2": null,
                "altPak3": null
            },
            {
                "_id": "228",
                "id": "078",
                "availableCar": "345",
                "availableMotor": "-9",
                "altPak1": "129",
                "altPak2": "092",
                "altPak3": "098"
            },
            {
                "_id": "229",
                "id": "266",
                "availableCar": "25",
                "availableMotor": "-9",
                "altPak1": null,
                "altPak2": null,
                "altPak3": null
            },
            {
                "_id": "230",
                "id": "079",
                "availableCar": "276",
                "availableMotor": "-9",
                "altPak1": "001",
                "altPak2": "065",
                "altPak3": "010"
            },
            {
                "_id": "231",
                "id": "265",
                "availableCar": "83",
                "availableMotor": "153",
                "altPak1": null,
                "altPak2": null,
                "altPak3": null
            },
            {
                "_id": "232",
                "id": "264",
                "availableCar": "0",
                "availableMotor": "-9",
                "altPak1": null,
                "altPak2": null,
                "altPak3": null
            },
            {
                "_id": "233",
                "id": "087",
                "availableCar": "32",
                "availableMotor": "-9",
                "altPak1": "181",
                "altPak2": "182",
                "altPak3": "183"
            },
            {
                "_id": "234",
                "id": "250",
                "availableCar": "8",
                "availableMotor": "-9",
                "altPak1": null,
                "altPak2": null,
                "altPak3": null
            },
            {
                "_id": "235",
                "id": "086",
                "availableCar": "28",
                "availableMotor": "-9",
                "altPak1": "176",
                "altPak2": "134",
                "altPak3": "096"
            },
            {
                "_id": "236",
                "id": "251",
                "availableCar": "-9",
                "availableMotor": "-9",
                "altPak1": null,
                "altPak2": null,
                "altPak3": null
            },
            {
                "_id": "237",
                "id": "085",
                "availableCar": "12",
                "availableMotor": "-9",
                "altPak1": "027",
                "altPak2": "113",
                "altPak3": "116"
            },
            {
                "_id": "238",
                "id": "252",
                "availableCar": "3",
                "availableMotor": "-9",
                "altPak1": null,
                "altPak2": null,
                "altPak3": null
            },
            {
                "_id": "239",
                "id": "084",
                "availableCar": "6",
                "availableMotor": "-9",
                "altPak1": "029",
                "altPak2": "109",
                "altPak3": "081"
            },
            {
                "_id": "240",
                "id": "083",
                "availableCar": "41",
                "availableMotor": "-9",
                "altPak1": "070",
                "altPak2": "087",
                "altPak3": "181"
            },
            {
                "_id": "241",
                "id": "082",
                "availableCar": "54",
                "availableMotor": "-9",
                "altPak1": "035",
                "altPak2": "073",
                "altPak3": "106"
            },
            {
                "_id": "242",
                "id": "081",
                "availableCar": "12",
                "availableMotor": "-9",
                "altPak1": "029",
                "altPak2": "120",
                "altPak3": "174"
            },
            {
                "_id": "243",
                "id": "080",
                "availableCar": "42",
                "availableMotor": "152",
                "altPak1": "116",
                "altPak2": "056",
                "altPak3": "024"
            },
            {
                "_id": "244",
                "id": "258",
                "availableCar": "71",
                "availableMotor": "-9",
                "altPak1": null,
                "altPak2": null,
                "altPak3": null
            },
            {
                "_id": "245",
                "id": "257",
                "availableCar": "2",
                "availableMotor": "-9",
                "altPak1": null,
                "altPak2": null,
                "altPak3": null
            },
            {
                "_id": "246",
                "id": "259",
                "availableCar": "26",
                "availableMotor": "-9",
                "altPak1": null,
                "altPak2": null,
                "altPak3": null
            },
            {
                "_id": "247",
                "id": "254",
                "availableCar": "60",
                "availableMotor": "-9",
                "altPak1": null,
                "altPak2": null,
                "altPak3": null
            },
            {
                "_id": "248",
                "id": "253",
                "availableCar": "37",
                "availableMotor": "-9",
                "altPak1": null,
                "altPak2": null,
                "altPak3": null
            },
            {
                "_id": "249",
                "id": "088",
                "availableCar": "30",
                "availableMotor": "212",
                "altPak1": "107",
                "altPak2": "003",
                "altPak3": "002"
            },
            {
                "_id": "250",
                "id": "256",
                "availableCar": "8",
                "availableMotor": "-9",
                "altPak1": null,
                "altPak2": null,
                "altPak3": null
            },
            {
                "_id": "251",
                "id": "255",
                "availableCar": "363",
                "availableMotor": "650",
                "altPak1": null,
                "altPak2": null,
                "altPak3": null
            },
            {
                "_id": "252",
                "id": "089",
                "availableCar": "30",
                "availableMotor": "6",
                "altPak1": "022",
                "altPak2": "038",
                "altPak3": "165"
            }
        ]
    }
}