Id,SepalLengthCm,SepalWidthCm,PetalLengthCm,PetalWidthCm,Species
1,4.9270 ,3.6960 ,1.5140 ,0.2470 ,setosa
2,5.5240 ,2.8280 ,4.1290 ,1.1840 ,versicolor
3,5.1140 ,3.5210 ,1.2870 ,0.2620 ,setosa
4,5.9470 ,2.6070 ,5.2280 ,2.0380 ,virginica
5,4.8350 ,3.4400 ,1.3450 ,0.1900 ,setosa
6,4.8930 ,3.3350 ,1.4470 ,0.2250 ,setosa
7,6.3470 ,2.8050 ,5.6020 ,2.2260 ,virginica
8,6.4690 ,3.1060 ,5.5100 ,1.9420 ,virginica
9,5.5000 ,2.3000 ,4.0000 ,1.3000 ,versicolor
10,5.9190 ,2.7770 ,4.2660 ,1.3120 ,versicolor
11,7.7000 ,3.8000 ,6.7000 ,2.2000 ,virginica
12,5.0610 ,3.3150 ,1.5010 ,0.2150 ,setosa
13,6.3810 ,2.5720 ,3.7110 ,1.5010 ,versicolor
14,5.8670 ,3.0240 ,4.0190 ,1.5250 ,versicolor
15,5.7230 ,2.5210 ,4.0630 ,1.4510 ,versicolor
16,4.9600 ,3.4220 ,1.4860 ,0.2200 ,setosa
17,6.2000 ,2.9000 ,4.3000 ,1.3000 ,versicolor
18,6.4000 ,3.1000 ,5.5000 ,1.8000 ,virginica
19,5.9710 ,2.7620 ,4.3040 ,1.3330 ,versicolor
20,4.9000 ,3.1000 ,1.5000 ,0.1000 ,setosa
21,5.1010 ,3.2130 ,1.3980 ,0.2780 ,setosa
22,6.6160 ,2.9370 ,5.4970 ,1.9330 ,virginica
23,6.1580 ,3.1160 ,5.5720 ,2.0210 ,virginica
24,6.5160 ,3.3780 ,5.5730 ,1.6990 ,virginica
25,5.0790 ,3.3880 ,1.4850 ,0.2540 ,setosa
26,6.6380 ,2.9070 ,5.4030 ,1.9590 ,virginica
27,6.6910 ,2.2220 ,5.1630 ,1.3790 ,versicolor
28,6.3000 ,2.5000 ,4.9000 ,1.5000 ,versicolor
29,6.6430 ,2.8760 ,5.6000 ,1.9690 ,virginica
30,7.0290 ,3.0510 ,5.7080 ,1.9640 ,virginica
31,6.7650 ,2.9240 ,5.4680 ,2.0020 ,virginica
32,5.4090 ,2.8380 ,4.4420 ,1.3100 ,versicolor
33,5.8730 ,2.8180 ,4.2040 ,1.3550 ,versicolor
34,5.3220 ,2.7540 ,4.2270 ,1.0140 ,versicolor
35,4.5130 ,3.2240 ,1.2700 ,0.2620 ,setosa
36,6.0940 ,2.8750 ,5.6550 ,1.9970 ,virginica
37,5.8690 ,2.9500 ,4.5110 ,1.1690 ,versicolor
38,6.9030 ,2.8900 ,5.2270 ,2.1980 ,virginica
39,6.4190 ,3.1780 ,5.4900 ,2.1450 ,virginica
40,5.6730 ,2.8010 ,5.3830 ,2.1050 ,virginica
41,4.8280 ,3.1230 ,1.4690 ,0.1040 ,setosa
42,6.4370 ,3.2430 ,3.5090 ,1.3480 ,versicolor
43,7.2000 ,3.6000 ,6.1000 ,2.5000 ,virginica
44,5.7960 ,2.9380 ,4.2310 ,1.3900 ,versicolor
45,5.0800 ,3.4680 ,1.4330 ,0.1970 ,setosa
46,6.5440 ,2.9650 ,5.4780 ,2.0390 ,virginica
47,5.6090 ,3.4200 ,5.0880 ,1.8110 ,virginica
48,5.1000 ,3.5000 ,1.4000 ,0.2000 ,setosa
49,6.5330 ,2.7620 ,3.7550 ,1.3830 ,versicolor
50,5.4650 ,3.3750 ,3.7380 ,1.6410 ,versicolor
51,5.7960 ,2.6410 ,4.6690 ,1.2710 ,versicolor
52,6.6000 ,3.0000 ,4.4000 ,1.4000 ,versicolor
53,5.0470 ,3.4550 ,1.4810 ,0.2100 ,setosa
54,5.8030 ,2.6750 ,4.3400 ,1.3340 ,versicolor
55,5.3100 ,3.3680 ,1.1970 ,0.1370 ,setosa
56,5.0230 ,3.3570 ,1.5380 ,0.1890 ,setosa
57,5.7000 ,2.9000 ,4.2000 ,1.3000 ,versicolor
58,5.1040 ,3.3630 ,1.4100 ,0.2730 ,setosa
59,5.2510 ,3.2110 ,1.4400 ,0.3210 ,setosa
60,5.9460 ,2.7740 ,4.5590 ,1.4770 ,versicolor
61,6.6880 ,3.0280 ,5.4630 ,2.0030 ,virginica
62,5.0000 ,3.8200 ,1.4330 ,0.2630 ,setosa
63,6.3000 ,2.7000 ,4.9000 ,1.8000 ,virginica
64,5.1000 ,3.3000 ,1.7000 ,0.5000 ,setosa
65,6.6500 ,3.0830 ,5.6030 ,1.7680 ,virginica
66,5.9000 ,3.2000 ,4.8000 ,1.8000 ,versicolor
67,5.7370 ,2.7210 ,4.4770 ,1.4870 ,versicolor
68,5.1030 ,3.8050 ,1.5380 ,0.3260 ,setosa
69,5.6370 ,2.7290 ,4.4290 ,1.3340 ,versicolor
70,4.9600 ,3.3610 ,1.4580 ,0.2440 ,setosa
71,5.2460 ,3.3530 ,1.6220 ,0.3460 ,setosa
72,6.1350 ,2.6980 ,4.6540 ,1.4380 ,versicolor
73,5.9600 ,2.7850 ,4.2820 ,1.3310 ,versicolor
74,6.1920 ,2.8030 ,4.3240 ,1.3820 ,versicolor
75,5.9620 ,3.4460 ,5.4920 ,1.7260 ,virginica
76,6.7460 ,2.5010 ,5.4420 ,2.1200 ,virginica
77,6.6320 ,2.9210 ,5.4560 ,2.0690 ,virginica
78,5.9150 ,2.5250 ,4.2120 ,1.5100 ,versicolor
79,5.0390 ,3.4590 ,1.4300 ,0.2470 ,setosa
80,6.8590 ,3.2640 ,5.7200 ,2.1430 ,virginica
81,6.1390 ,2.4920 ,4.1320 ,1.2790 ,versicolor
82,6.0000 ,3.0000 ,4.8000 ,1.8000 ,virginica
83,4.7960 ,3.3720 ,1.2200 ,0.2410 ,setosa
84,6.0890 ,2.6170 ,3.9240 ,1.3470 ,versicolor
85,6.5370 ,3.3110 ,5.8130 ,1.9390 ,virginica
86,5.5770 ,2.6780 ,4.6230 ,1.3840 ,versicolor
87,6.2700 ,2.8350 ,5.1250 ,1.7780 ,virginica
88,6.1060 ,3.5010 ,5.9590 ,1.8460 ,virginica
89,5.9690 ,2.6320 ,4.1530 ,1.3480 ,versicolor
90,4.8210 ,3.6060 ,1.5730 ,0.1910 ,setosa
91,6.7190 ,3.0700 ,5.5310 ,2.0190 ,virginica
92,6.0050 ,2.6290 ,4.3310 ,1.2300 ,versicolor
93,4.6000 ,3.6000 ,1.0000 ,0.2000 ,setosa
94,5.8850 ,2.7260 ,4.3160 ,1.3580 ,versicolor
95,6.5500 ,2.9580 ,5.5320 ,2.0500 ,virginica
96,4.7020 ,3.1900 ,1.2490 ,0.3300 ,setosa
97,5.8470 ,2.7890 ,4.3370 ,1.3120 ,versicolor
98,7.1460 ,2.9950 ,5.7440 ,2.3090 ,virginica
99,7.2740 ,3.2310 ,4.9750 ,1.5340 ,virginica
100,4.8690 ,2.8240 ,1.6740 ,0.4540 ,setosa
101,4.9860 ,3.4140 ,1.4480 ,0.2470 ,setosa
102,6.8690 ,3.0410 ,5.4810 ,2.1830 ,virginica
103,5.5680 ,2.8800 ,3.7390 ,1.1790 ,versicolor
104,6.7050 ,2.8760 ,5.3220 ,2.0860 ,virginica
105,5.0000 ,3.4130 ,1.4590 ,0.2510 ,setosa
106,4.9590 ,3.3340 ,1.4730 ,0.3290 ,setosa
107,5.1090 ,3.2800 ,1.4590 ,0.2080 ,setosa
108,5.5660 ,3.2080 ,4.6700 ,1.1770 ,versicolor
109,4.6450 ,4.0220 ,1.3360 ,0.1070 ,setosa
110,6.7540 ,3.0030 ,5.5930 ,1.9430 ,virginica
111,4.9840 ,3.4520 ,1.4740 ,0.2410 ,setosa
112,5.3660 ,3.2540 ,3.9390 ,1.4960 ,versicolor
113,5.0220 ,3.3280 ,1.4710 ,0.2260 ,setosa
114,6.1820 ,3.2160 ,5.6360 ,1.9920 ,virginica
115,6.3930 ,3.0390 ,5.5330 ,2.0270 ,virginica
116,6.0000 ,2.7000 ,5.1000 ,1.6000 ,versicolor
117,6.2170 ,2.4860 ,3.6040 ,1.2870 ,versicolor
118,6.8750 ,2.8190 ,5.6000 ,2.0040 ,virginica
119,6.7440 ,2.3620 ,4.6120 ,1.5670 ,versicolor
120,6.7770 ,2.8970 ,5.4960 ,1.9650 ,virginica
121,7.2640 ,2.7010 ,5.7980 ,2.0270 ,virginica
122,6.9830 ,2.7330 ,5.5740 ,1.9190 ,virginica
123,6.4610 ,3.0070 ,5.4530 ,1.9020 ,virginica
124,5.0060 ,3.3660 ,1.4510 ,0.2360 ,setosa
125,5.9500 ,2.7750 ,4.3540 ,1.2930 ,versicolor
126,6.8000 ,2.8000 ,4.8000 ,1.4000 ,versicolor
127,5.1730 ,3.2800 ,1.3410 ,0.3720 ,setosa
128,5.2660 ,3.0570 ,1.5080 ,0.2200 ,setosa
129,6.4770 ,3.2820 ,5.8540 ,1.9640 ,virginica
130,5.9540 ,2.7890 ,4.2690 ,1.3330 ,versicolor
131,6.2010 ,2.9510 ,4.4840 ,1.5250 ,versicolor
132,6.4830 ,2.9810 ,5.6360 ,2.0080 ,virginica
133,6.9000 ,3.1000 ,4.9000 ,1.5000 ,versicolor
134,6.6150 ,2.9610 ,5.5290 ,2.0210 ,virginica
135,5.3540 ,3.4350 ,1.2830 ,0.2730 ,setosa
136,6.3390 ,2.9970 ,5.6630 ,2.0120 ,virginica
137,7.1540 ,2.7130 ,5.2970 ,1.9270 ,virginica
138,6.7000 ,3.1000 ,4.4000 ,1.4000 ,versicolor
139,5.9710 ,2.7440 ,4.3130 ,1.3860 ,versicolor
140,6.4230 ,2.9800 ,5.4820 ,2.0540 ,virginica
141,5.2480 ,3.4600 ,1.2750 ,0.2650 ,setosa
142,5.4430 ,2.5490 ,4.9370 ,1.3500 ,versicolor
143,7.1140 ,3.4190 ,5.7630 ,1.7100 ,virginica
144,4.8840 ,3.1040 ,1.4080 ,0.2600 ,setosa
145,5.8700 ,2.8320 ,3.6160 ,1.4660 ,versicolor
146,6.4080 ,3.0720 ,5.6620 ,2.0220 ,virginica
147,4.8000 ,3.0000 ,1.4000 ,0.1000 ,setosa
148,5.3490 ,3.1670 ,1.4670 ,0.1080 ,setosa
149,6.9000 ,3.2000 ,5.7000 ,2.3000 ,virginica
150,5.9490 ,2.8200 ,3.9090 ,1.2640 ,versicolor
151,5.9170 ,2.6980 ,5.9800 ,2.1360 ,virginica
152,5.9810 ,3.1060 ,4.5500 ,1.5400 ,versicolor
153,4.9370 ,3.6900 ,1.4980 ,0.2480 ,setosa
154,7.3660 ,3.1790 ,4.9610 ,1.5230 ,virginica
155,6.1080 ,2.7010 ,4.0910 ,1.4270 ,versicolor
156,5.3600 ,3.5450 ,1.2450 ,0.2620 ,setosa
157,6.1990 ,2.8130 ,4.4410 ,1.2370 ,versicolor
158,4.8040 ,3.0370 ,1.6270 ,0.3760 ,setosa
159,7.1190 ,2.9070 ,5.0770 ,1.8780 ,virginica
160,5.4000 ,3.9000 ,1.3000 ,0.4000 ,setosa
161,5.9480 ,2.7210 ,4.3050 ,1.3500 ,versicolor
162,4.8350 ,3.5370 ,1.4090 ,0.2350 ,setosa
163,7.2230 ,2.8910 ,5.4650 ,2.0830 ,virginica
164,5.6060 ,2.7690 ,4.3380 ,1.3750 ,versicolor
165,5.7000 ,2.6000 ,3.5000 ,1.0000 ,versicolor
166,6.6380 ,3.2700 ,5.4330 ,2.1880 ,virginica
167,5.9780 ,2.8560 ,4.3320 ,1.3150 ,versicolor
168,6.2930 ,2.9710 ,5.4710 ,2.0070 ,virginica
169,6.2520 ,3.1500 ,4.7490 ,1.1420 ,versicolor
170,5.6000 ,2.5000 ,3.9000 ,1.1000 ,versicolor
171,6.5050 ,3.5660 ,5.9360 ,1.5550 ,virginica
172,4.9240 ,3.1580 ,1.2470 ,0.2740 ,setosa
173,6.2910 ,2.4750 ,3.8300 ,1.3990 ,versicolor
174,5.0770 ,3.4540 ,1.4860 ,0.3040 ,setosa
175,5.7820 ,2.5740 ,3.9990 ,1.4060 ,versicolor
176,6.5310 ,2.7050 ,5.5800 ,1.8730 ,virginica
177,6.6470 ,3.0050 ,5.5630 ,2.0600 ,virginica
178,6.9120 ,2.8290 ,6.0110 ,2.1560 ,virginica
179,7.3790 ,2.6730 ,5.2290 ,2.3390 ,virginica
180,6.0440 ,2.8720 ,4.3970 ,1.4220 ,versicolor
181,4.9750 ,3.4320 ,1.4700 ,0.2420 ,setosa
182,5.1420 ,3.5560 ,1.5290 ,0.2720 ,setosa
183,4.4000 ,3.2000 ,1.3000 ,0.2000 ,setosa
184,5.1500 ,3.1730 ,1.5120 ,0.2020 ,setosa
185,5.7070 ,2.6920 ,4.0730 ,1.2770 ,versicolor
186,4.8700 ,3.2580 ,1.5600 ,0.1860 ,setosa
187,5.8360 ,3.0990 ,4.0630 ,1.2940 ,versicolor
188,4.9790 ,3.4350 ,1.4830 ,0.2500 ,setosa
189,5.8410 ,2.8040 ,4.1160 ,1.3520 ,versicolor
190,4.9620 ,3.9580 ,1.1950 ,0.3120 ,setosa
191,4.8000 ,3.0000 ,1.4000 ,0.3000 ,setosa
192,5.8440 ,2.8020 ,4.3890 ,1.2880 ,versicolor
193,6.9000 ,3.1000 ,5.1000 ,2.3000 ,virginica
194,6.3040 ,3.6050 ,5.2390 ,2.1350 ,virginica
195,5.0510 ,3.4460 ,1.3300 ,0.1150 ,setosa
196,4.6950 ,4.1240 ,1.3440 ,0.1990 ,setosa
197,6.3280 ,2.7710 ,3.7270 ,1.3670 ,versicolor
198,6.6970 ,2.9480 ,5.5520 ,1.8760 ,virginica
199,5.2280 ,3.4390 ,1.3130 ,0.2750 ,setosa
200,6.7840 ,2.6620 ,4.3570 ,1.4860 ,versicolor
201,7.7000 ,2.6000 ,6.9000 ,2.3000 ,virginica
202,5.7000 ,2.5000 ,5.0000 ,2.0000 ,virginica
203,5.6240 ,2.8320 ,3.5690 ,1.4710 ,versicolor
204,5.9000 ,2.7650 ,4.3200 ,1.3440 ,versicolor
205,6.0000 ,2.2000 ,4.0000 ,1.0000 ,versicolor
206,5.0000 ,3.4000 ,1.6000 ,0.4000 ,setosa
207,4.9550 ,3.5760 ,1.4910 ,0.2760 ,setosa
208,6.9560 ,2.6270 ,5.9820 ,1.9570 ,virginica
209,5.3420 ,3.2880 ,1.3240 ,0.1120 ,setosa
210,6.5930 ,2.9910 ,5.5420 ,2.0120 ,virginica
211,7.4820 ,2.3320 ,6.0510 ,2.1820 ,virginica
212,6.1460 ,2.7500 ,5.6100 ,1.9230 ,virginica
213,6.3220 ,3.0690 ,5.0550 ,1.1160 ,versicolor
214,5.1190 ,3.1820 ,1.3950 ,0.1680 ,setosa
215,5.5000 ,4.2000 ,1.4000 ,0.2000 ,setosa
216,4.8000 ,3.4000 ,1.9000 ,0.2000 ,setosa
217,5.0280 ,3.4120 ,1.4610 ,0.2470 ,setosa
218,6.4990 ,2.7200 ,5.2840 ,2.0850 ,virginica
219,6.5440 ,2.9560 ,5.6000 ,2.0260 ,virginica
220,6.6400 ,3.0370 ,5.4700 ,2.0670 ,virginica
221,5.2480 ,3.2580 ,1.5030 ,0.3190 ,setosa
222,6.2300 ,2.8260 ,5.6000 ,1.9280 ,virginica
223,5.3040 ,3.6160 ,1.3420 ,0.2800 ,setosa
224,6.4050 ,2.8590 ,5.5510 ,2.1030 ,virginica
225,6.5000 ,3.0000 ,5.2000 ,2.0000 ,virginica
226,5.9860 ,2.8050 ,4.2810 ,1.3050 ,versicolor
227,5.5890 ,2.3890 ,4.5120 ,1.5470 ,versicolor
228,5.5760 ,2.6330 ,4.4630 ,1.3740 ,versicolor
229,5.0340 ,3.2570 ,1.4920 ,0.2550 ,setosa
230,6.9380 ,2.6740 ,5.9820 ,2.2670 ,virginica
231,5.6340 ,2.6250 ,3.9630 ,1.2470 ,versicolor
232,5.1830 ,3.1200 ,3.6770 ,1.4340 ,versicolor
233,6.3960 ,3.3280 ,5.8370 ,1.9820 ,virginica
234,6.5250 ,3.0200 ,4.6060 ,1.3340 ,versicolor
235,4.9000 ,2.5000 ,4.5000 ,1.7000 ,virginica
236,6.0560 ,2.8510 ,4.1960 ,1.3290 ,versicolor
237,5.8170 ,2.9070 ,4.0550 ,1.5090 ,versicolor
238,6.5290 ,2.1460 ,4.6250 ,1.1220 ,versicolor
239,5.1000 ,2.5000 ,3.0000 ,1.1000 ,versicolor
240,6.5240 ,2.9450 ,5.6040 ,2.0390 ,virginica
241,6.6910 ,3.0040 ,5.5640 ,1.9660 ,virginica
242,5.7240 ,2.9800 ,3.8840 ,1.3200 ,versicolor
243,6.1490 ,3.2550 ,5.5230 ,1.9590 ,virginica
244,6.1000 ,3.0000 ,4.6000 ,1.4000 ,versicolor
245,6.5850 ,3.0190 ,5.9680 ,2.0500 ,virginica
246,4.7130 ,3.3530 ,1.4970 ,0.3470 ,setosa
247,6.6610 ,3.4470 ,5.4590 ,1.7870 ,virginica
248,5.5000 ,2.6000 ,4.4000 ,1.2000 ,versicolor
249,5.3620 ,3.1060 ,1.1450 ,0.3120 ,setosa
250,5.7540 ,3.4220 ,5.5220 ,1.7120 ,virginica
251,5.2200 ,2.5840 ,1.3690 ,0.2450 ,setosa
252,5.3470 ,2.8050 ,4.5470 ,1.3370 ,versicolor
253,7.2310 ,3.3040 ,5.5590 ,1.8360 ,virginica
254,6.6350 ,2.9710 ,5.5200 ,2.0100 ,virginica
255,4.7260 ,3.5320 ,1.4180 ,0.2960 ,setosa
256,6.7000 ,3.1000 ,4.7000 ,1.5000 ,versicolor
257,5.9800 ,2.5950 ,4.6240 ,1.4600 ,versicolor
258,4.9880 ,3.7870 ,1.4890 ,0.1720 ,setosa
259,5.0620 ,3.4560 ,1.6440 ,0.2780 ,setosa
260,4.5230 ,2.9860 ,1.6260 ,0.3390 ,setosa
261,5.0690 ,3.6850 ,1.3380 ,0.1870 ,setosa
262,4.9640 ,3.1860 ,1.3890 ,0.1970 ,setosa
263,5.4170 ,2.5580 ,4.2020 ,1.1130 ,versicolor
264,5.8230 ,2.6340 ,4.3830 ,1.4690 ,versicolor
265,6.5670 ,2.9980 ,5.5680 ,2.0370 ,virginica
266,5.4800 ,2.6920 ,3.8170 ,1.2490 ,versicolor
267,4.5720 ,3.0610 ,1.1420 ,0.1280 ,setosa
268,5.7000 ,3.0000 ,4.2000 ,1.2000 ,versicolor
269,5.9220 ,2.7920 ,4.3220 ,1.3710 ,versicolor
270,4.8240 ,3.9440 ,1.7000 ,0.2360 ,setosa
271,6.8000 ,3.2000 ,5.9000 ,2.3000 ,virginica
272,6.5590 ,2.7970 ,4.3870 ,1.6920 ,versicolor
273,5.0000 ,2.3000 ,3.3000 ,1.0000 ,versicolor
274,5.5320 ,4.2690 ,1.0770 ,0.0330 ,setosa
275,5.0650 ,3.5900 ,1.4430 ,0.1610 ,setosa
276,5.4960 ,2.9850 ,5.3280 ,1.9620 ,virginica
277,6.4140 ,2.9380 ,5.7580 ,2.1090 ,virginica
278,6.5990 ,2.9480 ,5.5040 ,2.0400 ,virginica
279,5.4750 ,3.9440 ,1.4780 ,0.4380 ,setosa
280,6.0930 ,2.7670 ,3.6740 ,1.1530 ,versicolor
281,5.0280 ,3.1960 ,1.4790 ,0.3100 ,setosa
282,6.6080 ,3.0360 ,5.7700 ,2.0770 ,virginica
283,5.1000 ,3.8000 ,1.6000 ,0.2000 ,setosa
284,5.9670 ,2.7930 ,4.2790 ,1.3300 ,versicolor
285,5.6970 ,3.0440 ,4.1900 ,1.4120 ,versicolor
286,6.6010 ,3.5540 ,5.1780 ,2.1890 ,virginica
287,7.0930 ,2.9120 ,5.7230 ,2.4450 ,virginica
288,7.0370 ,2.9020 ,5.4150 ,2.1740 ,virginica
289,5.8340 ,2.8270 ,4.4200 ,1.3390 ,versicolor
290,6.3930 ,3.1140 ,5.6430 ,2.0440 ,virginica
291,6.5790 ,3.2750 ,5.4020 ,2.0050 ,virginica
292,7.1510 ,3.2620 ,5.6590 ,1.9220 ,virginica
293,5.0300 ,3.4890 ,1.4600 ,0.2660 ,setosa
294,6.7880 ,2.3940 ,5.7500 ,2.2910 ,virginica
295,5.6000 ,2.8000 ,4.9000 ,2.0000 ,virginica
296,6.3890 ,3.1380 ,3.4830 ,1.5500 ,versicolor
297,4.6090 ,3.3310 ,1.4880 ,0.1010 ,setosa
298,6.6170 ,2.6460 ,4.8170 ,1.5250 ,versicolor
299,7.0480 ,3.2350 ,5.2030 ,2.0560 ,virginica
300,6.8010 ,2.4240 ,5.8590 ,2.4770 ,virginica
301,6.1180 ,2.5240 ,4.2140 ,1.3740 ,versicolor
302,6.1210 ,2.8870 ,4.3200 ,1.3040 ,versicolor
303,6.3590 ,3.2570 ,3.5350 ,1.4800 ,versicolor
304,4.9000 ,3.1000 ,1.5000 ,0.1000 ,setosa
305,4.8190 ,2.9850 ,1.5160 ,0.1570 ,setosa
306,6.5360 ,3.0800 ,5.5050 ,1.9470 ,virginica
307,4.7430 ,3.9070 ,1.3430 ,0.1770 ,setosa
308,6.2100 ,2.6250 ,4.3950 ,1.3290 ,versicolor
309,4.9950 ,3.1040 ,1.3410 ,0.4010 ,setosa
310,6.4460 ,2.9200 ,5.4710 ,2.0560 ,virginica
311,5.3710 ,3.0460 ,4.1700 ,1.4150 ,versicolor
312,6.3000 ,2.5000 ,5.0000 ,1.9000 ,virginica
313,5.9390 ,3.0440 ,5.2820 ,2.2030 ,virginica
314,6.7790 ,3.0330 ,5.6610 ,2.3370 ,virginica
315,4.3410 ,4.0740 ,1.2480 ,0.2310 ,setosa
316,5.0250 ,3.5580 ,1.4510 ,0.1920 ,setosa
317,5.1090 ,3.6700 ,1.2550 ,0.2010 ,setosa
318,4.9550 ,3.5970 ,1.3310 ,0.1100 ,setosa
319,7.2000 ,3.2000 ,6.0000 ,1.8000 ,virginica
320,5.7000 ,4.4000 ,1.5000 ,0.4000 ,setosa
321,6.5750 ,2.9500 ,5.5220 ,2.0680 ,virginica
322,7.3690 ,3.4580 ,6.1260 ,2.3470 ,virginica
323,6.1020 ,2.1700 ,5.1010 ,0.9680 ,versicolor
324,5.0100 ,3.3710 ,1.4820 ,0.2490 ,setosa
325,5.7010 ,2.9520 ,4.3990 ,1.4510 ,versicolor
326,5.7960 ,2.7120 ,4.3730 ,1.3530 ,versicolor
327,5.0170 ,3.3320 ,1.4090 ,0.1850 ,setosa
328,5.9430 ,2.7430 ,4.2430 ,1.3160 ,versicolor
329,4.9660 ,3.4900 ,1.4570 ,0.2510 ,setosa
330,6.3660 ,3.4750 ,5.7050 ,1.9170 ,virginica
331,5.6010 ,2.9110 ,4.4570 ,1.5160 ,versicolor
332,4.7500 ,3.5800 ,1.5130 ,0.1540 ,setosa
333,7.3350 ,3.0040 ,5.5810 ,1.8490 ,virginica
334,4.8060 ,3.6880 ,1.6600 ,0.3080 ,setosa
335,5.8550 ,2.8350 ,4.3900 ,1.2980 ,versicolor
336,6.4740 ,2.5800 ,4.9200 ,1.4420 ,versicolor
337,6.0480 ,2.8820 ,4.4020 ,1.2980 ,versicolor
338,7.0000 ,3.2000 ,4.7000 ,1.4000 ,versicolor
339,4.6800 ,2.7220 ,1.4380 ,0.0820 ,setosa
340,6.2070 ,2.9440 ,5.4300 ,2.1730 ,virginica
341,5.8190 ,2.6790 ,4.3120 ,1.3270 ,versicolor
342,4.9660 ,3.4350 ,1.4640 ,0.2550 ,setosa
343,5.4140 ,2.6470 ,4.1350 ,1.1590 ,versicolor
344,5.5520 ,3.2440 ,4.6860 ,1.4450 ,versicolor
345,4.8250 ,2.8020 ,1.3440 ,0.1470 ,setosa
346,5.2730 ,3.9330 ,1.3170 ,0.3000 ,setosa
347,5.9450 ,2.7830 ,4.2920 ,1.3890 ,versicolor
348,5.9220 ,2.8350 ,4.3330 ,1.3230 ,versicolor
349,6.5290 ,2.9740 ,5.4990 ,2.0720 ,virginica
350,6.6900 ,2.6500 ,3.8960 ,1.5060 ,versicolor
351,6.6280 ,2.9770 ,5.5720 ,2.0360 ,virginica
352,5.6640 ,3.0570 ,4.1190 ,1.3440 ,versicolor
353,5.8600 ,2.8100 ,4.1120 ,1.3160 ,versicolor
354,5.1170 ,3.5990 ,1.6910 ,0.3700 ,setosa
355,6.2290 ,2.9970 ,5.1170 ,2.2030 ,virginica
356,5.0010 ,3.4390 ,1.4600 ,0.2470 ,setosa
357,6.7210 ,3.0160 ,5.6010 ,2.0070 ,virginica
358,4.3810 ,2.5960 ,1.1500 ,0.4030 ,setosa
359,5.0000 ,3.2000 ,1.2000 ,0.2000 ,setosa
360,4.6710 ,3.1690 ,1.7390 ,0.1800 ,setosa
361,7.2150 ,3.3210 ,5.6390 ,2.3080 ,virginica
362,5.6850 ,2.6570 ,4.0170 ,1.4890 ,versicolor
363,5.6000 ,2.7000 ,4.2000 ,1.3000 ,versicolor
364,6.9150 ,3.0370 ,5.3860 ,1.9660 ,virginica
365,6.8540 ,3.2120 ,5.8150 ,1.8740 ,virginica
366,4.4000 ,3.0000 ,1.3000 ,0.2000 ,setosa
367,5.3870 ,2.8430 ,3.6010 ,1.0700 ,versicolor
368,5.0710 ,3.3460 ,1.4790 ,0.2600 ,setosa
369,6.0620 ,2.7100 ,4.2670 ,1.3050 ,versicolor
370,5.9910 ,2.7560 ,4.2020 ,1.3440 ,versicolor
371,7.2190 ,2.8730 ,5.7310 ,1.9310 ,virginica
372,6.0310 ,2.8320 ,5.4600 ,1.8820 ,virginica
373,4.5920 ,3.3610 ,1.5140 ,0.1420 ,setosa
374,4.9730 ,3.3140 ,1.5260 ,0.2960 ,setosa
375,4.3000 ,3.0000 ,1.1000 ,0.1000 ,setosa
376,5.9950 ,2.7940 ,4.0690 ,1.3680 ,versicolor
377,7.7000 ,3.0000 ,6.1000 ,2.3000 ,virginica
378,4.9890 ,3.5620 ,1.5580 ,0.1870 ,setosa
379,5.1480 ,3.1990 ,1.2760 ,0.3370 ,setosa
380,6.0030 ,2.8450 ,4.3220 ,1.4210 ,versicolor
381,5.6430 ,2.6290 ,5.1910 ,1.8450 ,virginica
382,5.7300 ,2.5710 ,4.4520 ,1.4400 ,versicolor
383,6.2880 ,3.1350 ,5.4470 ,2.1390 ,virginica
384,5.8530 ,2.9510 ,4.5510 ,1.4690 ,versicolor
385,6.8380 ,2.8410 ,5.6640 ,2.1080 ,virginica
386,6.5710 ,3.3230 ,3.4990 ,1.1420 ,versicolor
387,7.6930 ,3.0610 ,5.4670 ,1.9340 ,virginica
388,5.4490 ,2.2400 ,3.8250 ,1.4460 ,versicolor
389,6.2000 ,2.2000 ,4.5000 ,1.5000 ,versicolor
390,6.7000 ,3.3000 ,5.7000 ,2.5000 ,virginica
391,6.1000 ,2.6000 ,5.6000 ,1.4000 ,virginica
392,5.3250 ,3.3920 ,1.3490 ,0.1560 ,setosa
393,6.0000 ,3.4000 ,4.5000 ,1.6000 ,versicolor
394,5.8850 ,2.5180 ,4.2010 ,1.1940 ,versicolor
395,5.1460 ,3.7970 ,1.1160 ,0.1810 ,setosa
396,5.3420 ,2.9570 ,1.5780 ,0.1420 ,setosa
397,4.9960 ,3.4140 ,1.5240 ,0.2430 ,setosa
398,6.5760 ,2.6500 ,4.4030 ,1.1870 ,versicolor
399,5.3200 ,3.3780 ,6.2700 ,1.6300 ,virginica
400,5.3000 ,3.7000 ,1.5000 ,0.2000 ,setosa
401,7.3620 ,3.1660 ,5.4570 ,2.2710 ,virginica
402,6.3420 ,2.7780 ,5.7760 ,2.1750 ,virginica
403,5.1000 ,3.8000 ,1.9000 ,0.4000 ,setosa
404,5.0250 ,3.5540 ,1.4250 ,0.1330 ,setosa
405,6.8100 ,3.1920 ,5.1240 ,2.2350 ,virginica
406,5.4980 ,3.0970 ,3.9840 ,1.3500 ,versicolor
407,6.2640 ,3.0180 ,5.6100 ,2.1000 ,virginica
408,5.8250 ,2.8650 ,5.3280 ,1.9820 ,virginica
409,6.2090 ,2.5420 ,4.3330 ,1.1770 ,versicolor
410,4.5590 ,3.2530 ,1.6940 ,0.1720 ,setosa
411,6.0630 ,2.7170 ,5.4430 ,2.1460 ,virginica
412,4.5850 ,3.6330 ,1.1760 ,0.3450 ,setosa
413,5.3610 ,3.2450 ,4.1900 ,1.1050 ,versicolor
414,5.0340 ,3.4270 ,1.4740 ,0.2460 ,setosa
415,5.0910 ,2.8890 ,1.6010 ,0.0440 ,setosa
416,5.7850 ,2.7300 ,4.1660 ,1.1920 ,versicolor
417,6.0230 ,2.6970 ,4.5020 ,1.2760 ,versicolor
418,6.7000 ,3.1000 ,5.6000 ,2.4000 ,virginica
419,6.5540 ,3.0330 ,5.5970 ,2.0640 ,virginica
420,4.8430 ,3.0470 ,1.5720 ,0.1960 ,setosa
421,6.2840 ,2.5470 ,4.2600 ,1.2090 ,versicolor
422,4.9360 ,2.8620 ,1.4270 ,0.1090 ,setosa
423,5.2760 ,3.5020 ,1.5860 ,0.2500 ,setosa
424,6.0730 ,2.7990 ,5.4070 ,2.1490 ,virginica
425,4.6000 ,3.4000 ,1.4000 ,0.3000 ,setosa
426,4.5970 ,3.0360 ,1.2820 ,0.1870 ,setosa
427,4.9180 ,3.6470 ,1.2880 ,0.2120 ,setosa
428,4.9340 ,3.2650 ,1.3950 ,0.2170 ,setosa
429,6.0390 ,2.8980 ,4.3950 ,1.3550 ,versicolor
430,5.9100 ,2.9590 ,4.0650 ,1.4470 ,versicolor
431,6.9110 ,2.8820 ,5.7100 ,2.0430 ,virginica
432,5.6870 ,2.4450 ,4.3860 ,1.3900 ,versicolor
433,5.9230 ,2.9600 ,4.3530 ,1.2800 ,versicolor
434,6.1810 ,2.7370 ,3.9010 ,1.4700 ,versicolor
435,5.9020 ,2.8070 ,4.1270 ,1.3880 ,versicolor
436,6.7000 ,2.9090 ,5.5080 ,2.0420 ,virginica
437,6.8390 ,2.6020 ,5.4650 ,2.0900 ,virginica
438,5.9790 ,2.8250 ,4.1460 ,1.2470 ,versicolor
439,6.9530 ,2.8660 ,5.5040 ,1.8160 ,virginica
440,6.0260 ,2.4660 ,5.2030 ,2.5010 ,virginica
441,6.1480 ,2.8550 ,5.7330 ,2.0150 ,virginica
442,6.0470 ,2.8190 ,5.4090 ,1.9190 ,virginica
443,5.7000 ,2.8000 ,4.1000 ,1.3000 ,versicolor
444,5.2000 ,3.5000 ,1.5000 ,0.2000 ,setosa
445,7.3000 ,2.9000 ,6.3000 ,1.8000 ,virginica
446,5.7950 ,2.8380 ,4.4480 ,1.3670 ,versicolor
447,5.1780 ,4.1640 ,1.5830 ,0.3660 ,setosa
448,5.7430 ,2.4290 ,5.4670 ,2.0720 ,virginica
449,5.8000 ,2.8000 ,5.1000 ,2.4000 ,virginica
450,5.4490 ,3.6500 ,1.2800 ,0.1610 ,setosa
451,5.0400 ,3.4450 ,1.4770 ,0.2770 ,setosa
452,6.2510 ,3.0990 ,3.9660 ,1.0590 ,versicolor
453,5.1240 ,3.1330 ,1.4280 ,0.2120 ,setosa
454,6.0000 ,2.2000 ,5.0000 ,1.5000 ,virginica
455,5.0430 ,3.3560 ,1.5620 ,0.3150 ,setosa
456,5.6390 ,3.4200 ,3.9130 ,0.9990 ,versicolor
457,6.3010 ,2.7400 ,5.4650 ,2.1110 ,virginica
458,6.7500 ,2.9940 ,5.4670 ,2.0400 ,virginica
459,6.7940 ,2.8300 ,5.6640 ,1.9680 ,virginica
460,6.0800 ,2.8470 ,3.5530 ,1.3160 ,versicolor
461,5.0470 ,3.4990 ,1.4320 ,0.2360 ,setosa
462,5.0000 ,3.6730 ,1.3540 ,0.1940 ,setosa
463,6.1240 ,2.6050 ,4.1470 ,1.3910 ,versicolor
464,6.7850 ,2.7630 ,5.2410 ,2.1690 ,virginica
465,5.5330 ,2.9290 ,4.4210 ,1.3980 ,versicolor
466,4.9940 ,3.4830 ,1.4410 ,0.2100 ,setosa
467,5.4000 ,3.9000 ,1.7000 ,0.4000 ,setosa
468,5.0050 ,3.2350 ,1.2340 ,0.2560 ,setosa
469,6.1300 ,2.7490 ,3.9500 ,1.2360 ,versicolor
470,6.3240 ,2.8820 ,4.5250 ,1.3130 ,versicolor
471,5.8880 ,2.7420 ,4.0550 ,1.2210 ,versicolor
472,5.1200 ,3.2520 ,1.3720 ,0.1620 ,setosa
473,6.7030 ,2.5340 ,5.1220 ,2.0680 ,virginica
474,5.8670 ,2.9120 ,5.8660 ,1.9090 ,virginica
475,5.9980 ,2.7400 ,4.2000 ,1.3470 ,versicolor
476,7.6000 ,3.0000 ,6.6000 ,2.1000 ,virginica
477,6.4000 ,2.8000 ,5.6000 ,2.2000 ,virginica
478,5.9310 ,2.8150 ,4.2330 ,1.3640 ,versicolor
479,5.6000 ,3.0000 ,4.1000 ,1.3000 ,versicolor
480,5.7000 ,3.8000 ,1.7000 ,0.3000 ,setosa
481,5.0160 ,3.4110 ,1.4520 ,0.2550 ,virginica
482,6.5320 ,2.9800 ,5.5280 ,2.0040 ,virginica
483,5.5090 ,2.8450 ,3.8750 ,1.4360 ,versicolor
484,5.0980 ,3.7510 ,1.4530 ,0.1920 ,setosa
485,6.7000 ,3.3000 ,5.7000 ,2.1000 ,virginica
486,6.5840 ,2.9540 ,5.5180 ,2.0360 ,virginica
487,5.1280 ,3.0510 ,1.3680 ,0.2880 ,setosa
488,6.0010 ,2.6780 ,3.9960 ,1.3010 ,versicolor
489,6.0240 ,2.7730 ,4.1490 ,1.2840 ,versicolor
490,5.1190 ,3.5240 ,1.3910 ,0.1990 ,setosa
491,6.2430 ,2.7980 ,3.9170 ,1.2590 ,versicolor
492,5.1520 ,2.9840 ,4.3980 ,1.2040 ,versicolor
493,6.9870 ,3.2620 ,5.3460 ,1.8180 ,virginica
494,5.2490 ,3.0370 ,1.2200 ,0.0260 ,setosa
495,4.7000 ,3.2000 ,1.6000 ,0.2000 ,setosa
496,5.7570 ,2.9510 ,4.5380 ,1.2500 ,versicolor
497,5.9720 ,2.8770 ,5.3030 ,1.9580 ,virginica
498,6.6000 ,2.9000 ,4.6000 ,1.3000 ,versicolor
499,6.5520 ,2.8880 ,5.5580 ,2.0500 ,virginica
500,6.1580 ,2.6890 ,4.1640 ,1.3020 ,versicolor
501,6.9910 ,3.0780 ,5.4080 ,1.9590 ,virginica
502,6.5790 ,2.8230 ,5.6300 ,2.0000 ,virginica
503,6.0160 ,2.8010 ,4.4700 ,1.3630 ,versicolor
504,5.6990 ,2.5000 ,4.2360 ,1.3290 ,versicolor
505,5.1000 ,3.4000 ,1.5000 ,0.2000 ,setosa
506,5.7590 ,2.9360 ,4.4620 ,1.4610 ,versicolor
507,5.8000 ,2.6000 ,4.0000 ,1.2000 ,versicolor
508,6.6510 ,2.9520 ,5.5410 ,2.0410 ,virginica
509,4.7600 ,3.9660 ,1.7100 ,0.3250 ,setosa
510,5.3590 ,2.3400 ,4.8050 ,1.3360 ,versicolor
511,5.0750 ,3.4420 ,1.4330 ,0.2430 ,setosa
512,6.0000 ,2.9000 ,4.5000 ,1.5000 ,versicolor
513,4.6730 ,3.3250 ,1.4950 ,0.2900 ,setosa
514,4.8510 ,3.5880 ,1.3530 ,0.1370 ,setosa
515,6.3320 ,3.2860 ,5.1390 ,1.8730 ,virginica
516,6.8570 ,3.0140 ,5.6670 ,2.0080 ,virginica
517,5.2000 ,3.4000 ,1.4000 ,0.2000 ,setosa
518,6.8180 ,3.1290 ,5.5970 ,2.0330 ,virginica
519,5.8000 ,2.7000 ,5.1000 ,1.9000 ,virginica
520,5.0000 ,3.3000 ,1.4000 ,0.2000 ,setosa
521,6.4550 ,3.1470 ,4.3140 ,1.2250 ,versicolor
522,4.5700 ,2.7090 ,1.2830 ,0.2850 ,setosa
523,5.0700 ,3.2940 ,1.4030 ,0.2640 ,setosa
524,6.0910 ,2.9830 ,4.5040 ,1.4510 ,versicolor
525,6.0970 ,3.5150 ,5.6420 ,1.8560 ,virginica
526,6.0950 ,2.7690 ,4.1890 ,1.3040 ,versicolor
527,5.9080 ,2.8240 ,4.4150 ,1.2800 ,versicolor
528,6.2300 ,3.0200 ,5.6040 ,1.7860 ,virginica
529,5.1050 ,3.2370 ,1.4180 ,0.2150 ,setosa
530,4.9030 ,3.6960 ,1.4710 ,0.2160 ,setosa
531,6.4310 ,2.8480 ,5.0370 ,2.4240 ,virginica
532,6.1640 ,2.5430 ,5.8960 ,2.0140 ,virginica
533,5.5940 ,3.3470 ,6.0090 ,2.1760 ,virginica
534,6.1340 ,3.4690 ,5.1120 ,1.9480 ,virginica
535,6.1420 ,2.3950 ,4.3010 ,1.3630 ,versicolor
536,5.1520 ,3.7680 ,1.3760 ,0.1960 ,setosa
537,5.9120 ,3.0300 ,4.0120 ,1.4110 ,versicolor
538,5.8870 ,2.7770 ,4.2760 ,1.3310 ,versicolor
539,4.7630 ,4.1540 ,1.2740 ,0.1750 ,setosa
540,5.9000 ,3.0000 ,5.1000 ,1.8000 ,virginica
541,4.8910 ,3.3540 ,1.5630 ,0.3840 ,setosa
542,6.5640 ,3.0410 ,5.5610 ,2.0630 ,virginica
543,5.8000 ,2.7000 ,4.1000 ,1.0000 ,versicolor
544,6.0280 ,3.0010 ,4.1420 ,1.4430 ,versicolor
545,4.9240 ,3.6250 ,1.4630 ,0.2070 ,setosa
546,6.2240 ,3.0160 ,5.4210 ,2.0770 ,virginica
547,6.0450 ,2.9930 ,4.2190 ,1.2880 ,versicolor
548,5.9000 ,3.0000 ,4.2000 ,1.5000 ,versicolor
549,5.2160 ,3.7920 ,1.3510 ,0.3090 ,setosa
550,4.9100 ,3.3160 ,1.4330 ,0.2520 ,setosa
551,5.0310 ,3.2350 ,1.1740 ,0.3210 ,setosa
552,5.9790 ,2.7940 ,4.2050 ,1.3070 ,versicolor
553,6.0310 ,2.7330 ,4.1910 ,1.3260 ,versicolor
554,6.1000 ,3.0000 ,4.9000 ,1.8000 ,virginica
555,6.1000 ,2.9000 ,4.7000 ,1.4000 ,versicolor
556,5.0000 ,3.6000 ,1.4000 ,0.2000 ,setosa
557,5.9910 ,2.3030 ,4.7110 ,1.4660 ,versicolor
558,7.1300 ,3.2720 ,5.3760 ,1.9220 ,virginica
559,5.2100 ,3.6080 ,1.4900 ,0.1280 ,setosa
560,5.8470 ,2.7300 ,4.1830 ,1.3210 ,versicolor
561,5.8810 ,2.9250 ,3.7680 ,1.4680 ,versicolor
562,6.4000 ,2.8000 ,5.6000 ,2.1000 ,virginica
563,5.4140 ,3.0720 ,3.9790 ,1.0840 ,versicolor
564,4.6550 ,3.4300 ,1.1480 ,0.3190 ,setosa
565,5.0960 ,3.5640 ,1.5300 ,0.2230 ,setosa
566,6.7000 ,3.0000 ,5.2000 ,2.3000 ,virginica
567,5.7980 ,2.9520 ,4.1010 ,1.2260 ,versicolor
568,5.3160 ,3.6180 ,1.2760 ,0.3670 ,setosa
569,4.9700 ,3.3240 ,1.5880 ,0.2920 ,setosa
570,6.7540 ,3.1170 ,5.6240 ,2.0350 ,virginica
571,5.3780 ,3.9840 ,1.3380 ,0.3830 ,setosa
572,6.4260 ,3.3500 ,5.1660 ,1.9790 ,virginica
573,6.2030 ,3.0110 ,4.5720 ,1.3550 ,versicolor
574,5.7870 ,2.9530 ,4.2480 ,1.4220 ,versicolor
575,6.7000 ,2.5000 ,5.8000 ,1.8000 ,virginica
576,6.0070 ,2.6680 ,4.5300 ,1.0940 ,versicolor
577,6.3500 ,2.8510 ,5.2000 ,2.1260 ,virginica
578,5.1160 ,4.2580 ,1.8640 ,0.2090 ,setosa
579,4.5370 ,4.0370 ,1.5820 ,0.1340 ,setosa
580,4.4800 ,3.4990 ,1.6120 ,0.1890 ,setosa
581,5.7410 ,2.6400 ,4.5580 ,1.3840 ,versicolor
582,5.0180 ,3.6390 ,1.3730 ,0.2310 ,setosa
583,5.9600 ,2.6520 ,4.5260 ,1.3480 ,versicolor
584,5.9390 ,2.7950 ,4.2430 ,1.3390 ,versicolor
585,4.7600 ,3.4450 ,1.6990 ,0.4660 ,setosa
586,6.9000 ,3.1000 ,5.4000 ,2.1000 ,virginica
587,5.0760 ,3.1610 ,1.3890 ,0.2640 ,setosa
588,5.8900 ,2.8020 ,4.2480 ,1.3190 ,versicolor
589,6.1000 ,2.8000 ,4.7000 ,1.2000 ,versicolor
590,5.0460 ,4.0620 ,1.3380 ,0.2140 ,setosa
591,6.1350 ,2.9210 ,4.0160 ,1.2430 ,versicolor
592,5.7410 ,3.5490 ,5.4160 ,1.7210 ,virginica
593,4.9840 ,3.3400 ,1.4770 ,0.1890 ,setosa
594,5.3900 ,3.2330 ,1.6600 ,0.1700 ,setosa
595,5.8900 ,2.6480 ,4.2370 ,1.3240 ,versicolor
596,4.7670 ,3.1610 ,1.4190 ,0.3250 ,setosa
597,6.4000 ,3.2000 ,5.3000 ,2.3000 ,virginica
598,4.8050 ,4.0960 ,1.3550 ,0.1570 ,setosa
599,5.2030 ,3.2970 ,1.3210 ,0.1330 ,setosa
600,4.8390 ,3.0760 ,1.5050 ,0.2040 ,setosa
601,5.3220 ,3.4430 ,1.2590 ,0.2810 ,setosa
602,4.5810 ,3.2390 ,1.5660 ,0.3190 ,setosa
603,5.9100 ,2.6720 ,5.7450 ,2.1930 ,virginica
604,5.0310 ,3.4150 ,1.4450 ,0.2510 ,setosa
605,4.8310 ,3.3350 ,1.5250 ,0.2520 ,setosa
606,5.7960 ,2.6310 ,4.4070 ,1.6440 ,versicolor
607,5.2150 ,3.7150 ,1.6010 ,0.2070 ,setosa
608,4.9900 ,3.5120 ,1.4400 ,0.2530 ,setosa
609,5.9520 ,2.3860 ,3.9590 ,1.1020 ,versicolor
610,6.3230 ,2.9590 ,5.5460 ,2.0800 ,virginica
611,7.5200 ,3.2150 ,5.3710 ,1.7270 ,virginica
612,7.0830 ,3.1320 ,5.8890 ,2.1130 ,virginica
613,6.1910 ,2.7100 ,4.6030 ,1.5160 ,versicolor
614,5.1170 ,3.3150 ,1.4100 ,0.2190 ,setosa
615,5.8000 ,2.7000 ,5.1000 ,1.9000 ,virginica
616,5.8290 ,3.1760 ,5.5290 ,1.8070 ,virginica
617,5.3760 ,2.9210 ,3.5540 ,1.2740 ,versicolor
618,5.3380 ,3.3960 ,1.7840 ,0.1650 ,setosa
619,4.8330 ,2.9580 ,1.5400 ,0.2610 ,setosa
620,5.4000 ,3.4000 ,1.7000 ,0.2000 ,setosa
621,6.4040 ,2.9190 ,5.6090 ,2.1060 ,virginica
622,5.2300 ,2.6720 ,1.3000 ,0.3060 ,setosa
623,4.8090 ,3.2210 ,1.5410 ,0.3510 ,setosa
624,4.6570 ,3.1340 ,1.3090 ,0.3110 ,setosa
625,7.1000 ,2.7570 ,5.3620 ,2.1060 ,virginica
626,4.6000 ,3.2000 ,1.4000 ,0.2000 ,setosa
627,6.4900 ,3.0670 ,5.7080 ,2.0770 ,virginica
628,5.3780 ,3.3380 ,1.1730 ,0.3950 ,setosa
629,5.0740 ,3.3600 ,1.4100 ,0.2240 ,setosa
630,4.8730 ,3.2350 ,1.2980 ,0.2320 ,setosa
631,4.8640 ,3.1260 ,1.6770 ,0.1390 ,setosa
632,6.3650 ,2.7390 ,4.5980 ,1.4810 ,versicolor
633,5.0320 ,3.3850 ,1.4440 ,0.2340 ,setosa
634,5.4730 ,2.6990 ,4.3430 ,1.4990 ,versicolor
635,5.8180 ,2.8580 ,4.3270 ,1.2830 ,versicolor
636,4.8000 ,3.4000 ,1.6000 ,0.2000 ,setosa
637,6.5260 ,2.9560 ,5.4080 ,2.1190 ,virginica
638,6.3250 ,2.2540 ,5.8440 ,1.9490 ,virginica
639,6.2000 ,2.8000 ,4.8000 ,1.8000 ,virginica
640,5.2960 ,2.8760 ,1.6380 ,0.4120 ,setosa
641,4.8990 ,3.6840 ,1.4770 ,0.3180 ,setosa
642,5.1800 ,3.4370 ,1.5770 ,0.2590 ,setosa
643,7.0800 ,3.1230 ,5.3550 ,2.0710 ,virginica
644,4.9440 ,3.1690 ,1.1710 ,0.1480 ,setosa
645,6.2670 ,2.8570 ,5.5310 ,2.3570 ,virginica
646,4.5490 ,3.0880 ,1.2800 ,0.0650 ,setosa
647,5.5000 ,2.5000 ,4.0000 ,1.3000 ,versicolor
648,5.7660 ,2.8600 ,3.8680 ,1.2780 ,versicolor
649,6.5430 ,3.0550 ,5.7310 ,1.9230 ,virginica
650,6.4540 ,3.0110 ,5.5470 ,1.9940 ,virginica
651,4.6730 ,3.8740 ,1.3520 ,0.1440 ,setosa
652,6.2000 ,3.4000 ,5.4000 ,2.3000 ,virginica
653,5.1050 ,3.6800 ,1.3370 ,0.1830 ,setosa
654,6.5150 ,2.9970 ,5.5880 ,2.0350 ,virginica
655,7.1580 ,2.6840 ,5.4240 ,1.8250 ,virginica
656,6.6620 ,2.9900 ,5.5320 ,1.9780 ,virginica
657,6.0600 ,2.8220 ,4.5640 ,1.3310 ,versicolor
658,5.4000 ,3.0000 ,4.5000 ,1.5000 ,versicolor
659,6.6050 ,3.2980 ,5.3180 ,2.2280 ,virginica
660,6.2060 ,2.3310 ,4.1390 ,1.4350 ,versicolor
661,6.2300 ,3.0630 ,4.6860 ,1.2460 ,versicolor
662,6.7910 ,3.0110 ,5.6220 ,2.0900 ,virginica
663,5.4650 ,2.8660 ,1.5220 ,0.2990 ,setosa
664,4.6190 ,3.2640 ,1.6540 ,0.1780 ,setosa
665,6.4000 ,2.9000 ,4.3000 ,1.3000 ,versicolor
666,5.9410 ,2.8020 ,4.2420 ,1.3260 ,versicolor
667,5.3820 ,2.9410 ,5.8750 ,1.6660 ,virginica
668,5.0000 ,3.4000 ,1.5000 ,0.2000 ,setosa
669,5.6110 ,2.9600 ,3.9250 ,1.2870 ,versicolor
670,6.7510 ,3.3560 ,4.1820 ,1.5070 ,versicolor
671,5.1480 ,3.4350 ,1.5100 ,0.2200 ,setosa
672,7.7300 ,3.3430 ,5.3580 ,1.9150 ,virginica
673,6.9960 ,2.9960 ,5.2150 ,2.3890 ,virginica
674,4.9630 ,3.3500 ,1.5650 ,0.2420 ,setosa
675,4.4000 ,2.9000 ,1.4000 ,0.2000 ,setosa
676,5.9240 ,3.0910 ,4.8230 ,1.2860 ,versicolor
677,6.7860 ,2.6090 ,5.3310 ,1.9980 ,virginica
678,6.7830 ,3.1690 ,5.8190 ,1.8390 ,virginica
679,6.4830 ,2.9840 ,5.5920 ,1.9540 ,virginica
680,6.3100 ,3.1470 ,5.6630 ,2.0010 ,virginica
681,5.5960 ,3.2060 ,5.1490 ,2.3130 ,virginica
682,4.8470 ,3.3990 ,1.4840 ,0.2570 ,setosa
683,6.2560 ,2.7620 ,4.1650 ,1.2870 ,versicolor
684,7.9000 ,3.8000 ,6.4000 ,2.0000 ,virginica
685,4.5830 ,3.0190 ,1.3750 ,0.2300 ,setosa
686,6.0080 ,2.9420 ,4.3210 ,1.6380 ,versicolor
687,5.2170 ,3.9700 ,1.2700 ,0.2820 ,setosa
688,4.8000 ,3.1000 ,1.6000 ,0.2000 ,setosa
689,6.0530 ,2.8890 ,4.4930 ,1.1610 ,versicolor
690,6.8000 ,3.0000 ,5.5000 ,2.1000 ,virginica
691,7.2740 ,2.8240 ,5.4450 ,2.3520 ,virginica
692,5.6320 ,2.9370 ,5.8550 ,1.9450 ,virginica
693,5.4230 ,3.5160 ,1.5400 ,0.3940 ,setosa
694,6.7630 ,3.3510 ,4.7270 ,1.4300 ,versicolor
695,6.6580 ,3.0050 ,5.5850 ,1.9880 ,virginica
696,5.5950 ,3.5390 ,5.2040 ,1.7610 ,virginica
697,5.7810 ,2.8160 ,4.3890 ,1.3810 ,versicolor
698,5.4410 ,3.8910 ,1.3890 ,0.3730 ,setosa
699,6.1510 ,3.3270 ,5.5210 ,1.9980 ,virginica
700,6.6730 ,2.9110 ,5.5140 ,2.0530 ,virginica
701,7.1000 ,3.0000 ,5.9000 ,2.1000 ,virginica
702,6.8830 ,2.9410 ,5.7860 ,2.1030 ,virginica
703,5.8430 ,2.6280 ,3.7660 ,1.1560 ,versicolor
704,6.4000 ,3.2000 ,4.5000 ,1.5000 ,versicolor
705,6.1930 ,2.8810 ,4.0260 ,1.1750 ,versicolor
706,5.0330 ,3.3670 ,1.4910 ,0.2590 ,setosa
707,6.3350 ,2.9310 ,5.6650 ,1.9860 ,virginica
708,6.1170 ,2.8790 ,4.1740 ,1.5290 ,versicolor
709,6.5870 ,2.9590 ,5.5380 ,2.0300 ,virginica
710,4.8540 ,3.3030 ,1.3980 ,0.2550 ,setosa
711,5.0110 ,3.4630 ,1.5320 ,0.2740 ,setosa
712,6.1210 ,2.9210 ,4.2480 ,1.2690 ,versicolor
713,5.8000 ,2.7000 ,3.9000 ,1.2000 ,versicolor
714,5.6340 ,3.4840 ,5.2800 ,1.8840 ,virginica
715,5.3290 ,2.4170 ,6.1450 ,2.2880 ,virginica
716,6.5240 ,2.9790 ,5.5260 ,2.0470 ,virginica
717,7.2510 ,2.7630 ,5.5600 ,2.5040 ,virginica
718,6.7020 ,3.0860 ,5.6780 ,2.0210 ,virginica
719,5.2230 ,3.4420 ,1.2740 ,0.3180 ,setosa
720,6.7160 ,3.3710 ,5.7530 ,2.2640 ,virginica
721,4.9480 ,3.4230 ,1.7310 ,0.4330 ,setosa
722,7.7000 ,2.8000 ,6.7000 ,2.0000 ,virginica
723,5.6000 ,2.9000 ,3.6000 ,1.3000 ,versicolor
724,5.9760 ,2.8120 ,4.3200 ,1.3540 ,versicolor
725,6.5210 ,2.9930 ,5.5190 ,2.0290 ,virginica
726,5.1000 ,3.7000 ,1.5000 ,0.4000 ,setosa
727,5.0540 ,3.4220 ,1.4560 ,0.2190 ,setosa
728,6.3970 ,3.2510 ,4.1830 ,1.2650 ,versicolor
729,6.0390 ,2.6920 ,4.1960 ,1.2970 ,versicolor
730,5.9990 ,2.8140 ,4.6940 ,1.0350 ,versicolor
731,5.7880 ,3.2260 ,3.8350 ,1.3680 ,versicolor
732,6.6940 ,2.7420 ,5.4690 ,2.0890 ,virginica
733,4.9040 ,3.6110 ,1.5270 ,0.2330 ,setosa
734,6.5110 ,3.0010 ,5.4270 ,2.1500 ,virginica
735,5.0010 ,3.0010 ,1.5800 ,0.3230 ,setosa
736,6.0490 ,2.5740 ,4.3960 ,1.3240 ,versicolor
737,4.5250 ,3.5060 ,1.2420 ,0.2450 ,setosa
738,6.3000 ,2.3000 ,4.4000 ,1.3000 ,versicolor
739,6.5000 ,3.0000 ,5.5000 ,1.8000 ,virginica
740,5.0360 ,3.3620 ,1.4780 ,0.2470 ,setosa
741,4.7960 ,3.1780 ,1.4950 ,0.1090 ,setosa
742,4.9930 ,3.5280 ,1.3890 ,0.2020 ,setosa
743,6.4170 ,2.6360 ,5.6900 ,1.9740 ,virginica
744,6.5920 ,3.0850 ,5.4940 ,1.9930 ,virginica
745,5.8890 ,2.7400 ,4.2270 ,1.2350 ,versicolor
746,6.3990 ,2.5070 ,3.9380 ,1.4130 ,versicolor
747,5.7900 ,2.8500 ,4.3800 ,1.2960 ,versicolor
748,6.7550 ,3.2530 ,4.4470 ,1.4120 ,versicolor
749,6.1750 ,2.6980 ,4.0160 ,1.3860 ,versicolor
750,5.7910 ,2.6690 ,4.2250 ,1.3500 ,versicolor
751,6.6600 ,3.0680 ,5.5680 ,1.7610 ,virginica
752,4.9960 ,4.0250 ,1.2650 ,0.2100 ,setosa
753,4.9880 ,3.4860 ,1.2390 ,0.2340 ,setosa
754,5.4790 ,2.9430 ,4.3160 ,1.4330 ,versicolor
755,7.0000 ,2.9020 ,5.2860 ,1.9250 ,virginica
756,6.5630 ,2.9880 ,5.6180 ,2.0700 ,virginica
757,5.1040 ,2.9550 ,1.6330 ,0.1280 ,setosa
758,6.9110 ,2.7470 ,5.5970 ,1.8880 ,virginica
759,6.0950 ,2.6450 ,4.4580 ,1.3120 ,versicolor
760,5.6140 ,2.9390 ,3.6120 ,1.1750 ,versicolor
761,5.5890 ,3.3370 ,1.3740 ,0.3240 ,setosa
762,5.0990 ,3.3960 ,1.4580 ,0.2550 ,setosa
763,5.2060 ,3.5700 ,1.3940 ,0.2530 ,setosa
764,6.5290 ,2.7580 ,5.3580 ,1.9980 ,virginica
765,6.4000 ,2.7000 ,5.3000 ,1.9000 ,virginica
766,6.3610 ,2.9780 ,4.9320 ,1.3110 ,versicolor
767,5.9210 ,2.7480 ,4.2150 ,1.3260 ,versicolor
768,6.4820 ,3.2060 ,4.7980 ,1.2500 ,versicolor
769,6.2180 ,3.0280 ,4.7880 ,1.0650 ,versicolor
770,5.4870 ,2.7910 ,3.7520 ,1.3770 ,versicolor
771,5.0640 ,3.2400 ,1.6240 ,0.3080 ,setosa
772,6.1240 ,2.4070 ,4.7720 ,1.4490 ,versicolor
773,6.1530 ,2.8340 ,4.2390 ,1.2480 ,versicolor
774,5.7330 ,3.1060 ,5.2740 ,1.7040 ,virginica
775,4.9040 ,3.9560 ,1.8640 ,0.2640 ,setosa
776,6.1700 ,2.8040 ,4.1170 ,1.2030 ,versicolor
777,6.5000 ,3.0000 ,5.8000 ,2.2000 ,virginica
778,5.0000 ,2.0000 ,3.5000 ,1.0000 ,versicolor
779,5.1000 ,3.4680 ,1.5140 ,0.3040 ,setosa
780,5.9900 ,2.6510 ,4.0850 ,1.1380 ,versicolor
781,6.9610 ,2.8420 ,5.4550 ,2.2960 ,virginica
782,6.4030 ,2.9540 ,4.2340 ,1.2240 ,versicolor
783,6.3630 ,2.6250 ,5.5630 ,1.8310 ,virginica
784,5.8500 ,2.4990 ,4.9590 ,1.9060 ,virginica
785,6.2860 ,2.8070 ,5.8730 ,2.2080 ,virginica
786,5.1090 ,2.6970 ,1.3650 ,0.2990 ,setosa
787,6.8260 ,3.0660 ,5.2100 ,1.6390 ,virginica
788,6.2110 ,2.9240 ,5.6510 ,2.0140 ,virginica
789,4.8980 ,3.2810 ,1.5020 ,0.2480 ,setosa
790,6.6990 ,3.4370 ,5.8860 ,2.0680 ,virginica
791,7.4000 ,2.8000 ,6.1000 ,1.9000 ,virginica
792,6.5580 ,3.1360 ,5.6670 ,2.0270 ,virginica
793,6.4480 ,2.9690 ,5.6530 ,1.9820 ,virginica
794,5.0120 ,3.4990 ,1.4790 ,0.2200 ,setosa
795,5.4040 ,2.2840 ,4.3700 ,1.0870 ,versicolor
796,5.8270 ,2.5770 ,4.5870 ,1.4440 ,versicolor
797,5.9400 ,2.7730 ,4.2390 ,1.3130 ,versicolor
798,5.0000 ,3.5000 ,1.3000 ,0.3000 ,setosa
799,5.3780 ,2.9760 ,1.3790 ,0.3420 ,setosa
800,5.5440 ,2.9300 ,4.3750 ,1.3620 ,versicolor
801,5.1000 ,3.8000 ,1.5000 ,0.3000 ,setosa
802,5.4000 ,3.4000 ,1.5000 ,0.4000 ,setosa
803,5.2670 ,2.9230 ,4.1780 ,1.2640 ,versicolor
804,5.9320 ,2.8310 ,4.2070 ,1.3250 ,versicolor
805,4.9020 ,3.1570 ,1.2960 ,0.2760 ,setosa
806,6.6650 ,2.9610 ,5.3140 ,2.1490 ,virginica
807,6.2450 ,3.0210 ,5.5160 ,1.8860 ,virginica
808,5.9400 ,2.7480 ,4.2860 ,1.3440 ,versicolor
809,5.6660 ,2.8330 ,4.3840 ,1.1360 ,versicolor
810,5.7130 ,2.4650 ,3.9580 ,1.3360 ,versicolor
811,5.9860 ,2.5580 ,4.2600 ,1.2710 ,versicolor
812,6.0100 ,3.3860 ,5.2960 ,2.0820 ,virginica
813,6.5240 ,2.9980 ,5.5520 ,2.0210 ,virginica
814,4.8520 ,3.5690 ,1.3820 ,0.1890 ,setosa
815,5.9610 ,3.0050 ,4.2950 ,1.3430 ,versicolor
816,6.2270 ,3.1170 ,5.6500 ,2.0850 ,virginica
817,6.1050 ,2.6920 ,4.3210 ,1.2660 ,versicolor
818,6.1810 ,3.1040 ,5.6460 ,2.0550 ,virginica
819,4.9770 ,3.2570 ,1.3930 ,0.3220 ,setosa
820,6.6810 ,2.9110 ,5.6240 ,2.1080 ,virginica
821,5.0000 ,3.0000 ,1.6000 ,0.2000 ,setosa
822,5.6160 ,2.4220 ,3.6470 ,1.5750 ,versicolor
823,6.6020 ,3.2540 ,5.1680 ,1.6310 ,versicolor
824,5.0520 ,3.2620 ,1.4460 ,0.2800 ,setosa
825,6.8490 ,2.7810 ,5.2760 ,2.2890 ,virginica
826,5.7970 ,2.7370 ,4.0410 ,1.4040 ,versicolor
827,6.3130 ,3.3470 ,5.6520 ,1.7930 ,virginica
828,5.5000 ,3.5000 ,1.3000 ,0.2000 ,setosa
829,5.0210 ,3.3930 ,1.4580 ,0.2290 ,setosa
830,6.6480 ,2.9880 ,5.5800 ,1.9520 ,virginica
831,7.3200 ,2.8110 ,5.5420 ,2.2150 ,virginica
832,5.1420 ,3.1380 ,1.4740 ,0.1960 ,setosa
833,5.8940 ,2.7920 ,4.2730 ,1.3230 ,versicolor
834,5.8160 ,2.7680 ,5.8040 ,2.0110 ,virginica
835,6.8390 ,3.0090 ,5.4410 ,2.0350 ,virginica
836,6.5140 ,2.8080 ,5.4510 ,2.1440 ,virginica
837,5.1360 ,3.2660 ,1.3770 ,0.2570 ,setosa
838,6.2620 ,2.8400 ,4.0710 ,1.1490 ,versicolor
839,4.9890 ,3.3960 ,1.7720 ,0.1200 ,setosa
840,5.6960 ,2.7080 ,5.0810 ,2.0570 ,virginica
841,4.6460 ,3.1160 ,1.4160 ,0.1400 ,setosa
842,6.6880 ,3.0100 ,5.4430 ,2.1020 ,virginica
843,7.1410 ,2.6910 ,5.8010 ,2.2620 ,virginica
844,5.1990 ,3.3930 ,1.4580 ,0.2350 ,setosa
845,5.4420 ,3.0590 ,3.7610 ,1.1260 ,versicolor
846,5.0000 ,3.3280 ,1.4330 ,0.2340 ,setosa
847,5.8770 ,2.7090 ,3.6770 ,1.4120 ,versicolor
848,5.6040 ,2.8820 ,4.5180 ,1.4610 ,versicolor
849,5.8330 ,2.9960 ,4.3170 ,1.3510 ,versicolor
850,6.5520 ,3.2380 ,5.7370 ,2.2790 ,virginica
851,5.4490 ,3.0170 ,1.4270 ,0.1160 ,setosa
852,7.1990 ,2.8070 ,5.6670 ,1.8040 ,virginica
853,6.2470 ,2.7660 ,5.3380 ,2.0510 ,virginica
854,6.0100 ,2.4680 ,4.6260 ,1.3290 ,versicolor
855,6.4200 ,2.6890 ,5.5740 ,1.8920 ,virginica
856,5.1000 ,3.5000 ,1.4000 ,0.3000 ,setosa
857,6.4570 ,2.6920 ,5.5990 ,1.9600 ,virginica
858,5.9050 ,2.5870 ,4.5050 ,1.1110 ,versicolor
859,4.9270 ,3.2610 ,1.5030 ,0.2390 ,setosa
860,5.8660 ,2.8330 ,4.4190 ,1.4040 ,versicolor
861,4.8640 ,3.5480 ,1.3890 ,0.2240 ,setosa
862,5.0000 ,3.5000 ,1.6000 ,0.6000 ,setosa
863,6.1210 ,2.8790 ,5.3880 ,1.9040 ,virginica
864,4.7280 ,3.1730 ,1.4630 ,0.2770 ,setosa
865,5.1890 ,3.0460 ,1.1150 ,0.2440 ,setosa
866,6.3000 ,3.4000 ,5.6000 ,2.4000 ,virginica
867,6.5720 ,2.9630 ,5.5470 ,2.0470 ,virginica
868,4.9040 ,3.4180 ,1.5280 ,0.2160 ,setosa
869,5.8520 ,2.7100 ,4.1480 ,1.3900 ,versicolor
870,4.8930 ,3.3690 ,1.4050 ,0.3030 ,setosa
871,4.3550 ,3.0210 ,1.2400 ,0.1950 ,setosa
872,6.0220 ,3.1560 ,5.4280 ,2.2050 ,virginica
873,5.8970 ,2.4470 ,4.2560 ,1.3090 ,versicolor
874,5.4000 ,3.7000 ,1.5000 ,0.2000 ,setosa
875,6.0950 ,3.0100 ,5.6790 ,1.9080 ,virginica
876,5.0000 ,3.4060 ,1.4670 ,0.2380 ,setosa
877,6.0320 ,2.7050 ,4.3220 ,1.3490 ,versicolor
878,4.9930 ,3.5200 ,1.6470 ,0.2230 ,setosa
879,4.9840 ,3.4070 ,1.4530 ,0.2440 ,setosa
880,4.7000 ,3.2000 ,1.3000 ,0.2000 ,setosa
881,5.8850 ,3.0210 ,3.6860 ,1.0480 ,versicolor
882,4.9880 ,3.9290 ,1.2140 ,0.2480 ,setosa
883,4.7570 ,3.4740 ,1.3740 ,0.2540 ,setosa
884,5.7240 ,2.8840 ,4.5680 ,1.3030 ,versicolor
885,5.7900 ,2.7180 ,3.9940 ,1.3790 ,versicolor
886,5.5350 ,3.4070 ,1.3770 ,0.3440 ,setosa
887,6.9820 ,2.8260 ,5.6220 ,1.9330 ,virginica
888,5.3060 ,3.8310 ,1.5010 ,0.2360 ,setosa
889,6.9120 ,3.0080 ,5.6660 ,2.0010 ,virginica
890,4.9870 ,3.4000 ,1.4610 ,0.2490 ,setosa
891,6.6350 ,2.9720 ,5.6020 ,2.0470 ,virginica
892,6.6210 ,2.8550 ,5.6330 ,1.8420 ,virginica
893,7.1680 ,2.7340 ,6.0650 ,2.3780 ,virginica
894,5.0270 ,3.1890 ,1.5590 ,0.2450 ,setosa
895,4.8940 ,3.4100 ,1.4070 ,0.2550 ,setosa
896,4.9350 ,3.1480 ,1.5440 ,0.2260 ,setosa
897,5.6370 ,2.7000 ,4.4650 ,1.3080 ,versicolor
898,6.3940 ,2.8220 ,4.2900 ,1.5000 ,versicolor
899,6.0340 ,2.8430 ,4.3230 ,1.3840 ,versicolor
900,4.9630 ,3.6970 ,1.2940 ,0.2830 ,setosa