[{"Year":"104","Item":"廢照明光源","Amount":"129.68"},{"Year":"104","Item":"廢資訊物品","Amount":"36.43"},{"Year":"104","Item":"廢電子電器","Amount":"61.64"},{"Year":"104","Item":"廢輪胎","Amount":"69.55"},{"Year":"104","Item":"廢鉛蓄電池","Amount":"93.65"},{"Year":"104","Item":"廢機動車輛","Amount":"58.49"},{"Year":"104","Item":"廢乾電池","Amount":"47.2"},{"Year":"104","Item":"廢容器","Amount":"73.65"},{"Year":"103","Item":"廢照明光源","Amount":"127.44"},{"Year":"103","Item":"廢資訊物品","Amount":"43.13"},{"Year":"103","Item":"廢電子電器","Amount":"66.24"},{"Year":"103","Item":"廢輪胎","Amount":"66.83"},{"Year":"103","Item":"廢鉛蓄電池","Amount":"95.05"},{"Year":"103","Item":"廢機動車輛","Amount":"45.8"},{"Year":"103","Item":"廢乾電池","Amount":"39.74"},{"Year":"103","Item":"廢容器","Amount":"76.43"},{"Year":"88","Item":"廢電子電器","Amount":"34.79"},{"Year":"88","Item":"廢機動車輛","Amount":"61.93"},{"Year":"88","Item":"廢乾電池","Amount":"14.1"},{"Year":"88","Item":"廢容器","Amount":"43.49"},{"Year":"89","Item":"廢電子電器","Amount":"28.97"},{"Year":"89","Item":"廢輪胎","Amount":"73.07"},{"Year":"89","Item":"廢鉛蓄電池","Amount":"68.02"},{"Year":"89","Item":"廢機動車輛","Amount":"106.11"},{"Year":"89","Item":"廢乾電池","Amount":"5.72"},{"Year":"89","Item":"廢容器","Amount":"41.43"},{"Year":"90","Item":"廢潤滑油","Amount":"7.4"},{"Year":"90","Item":"廢電子電器","Amount":"59.11"},{"Year":"90","Item":"廢輪胎","Amount":"90.55"},{"Year":"90","Item":"廢鉛蓄電池","Amount":"64.68"},{"Year":"90","Item":"廢機動車輛","Amount":"99.34"},{"Year":"90","Item":"廢乾電池","Amount":"6.19"},{"Year":"90","Item":"廢容器","Amount":"38.11"},{"Year":"91","Item":"廢潤滑油","Amount":"10.4"},{"Year":"91","Item":"廢照明光源","Amount":"7.93"},{"Year":"91","Item":"廢電子電器","Amount":"44.05"},{"Year":"91","Item":"廢輪胎","Amount":"74.72"},{"Year":"91","Item":"廢鉛蓄電池","Amount":"60.2"},{"Year":"91","Item":"廢機動車輛","Amount":"91.96"},{"Year":"91","Item":"廢乾電池","Amount":"10.3"},{"Year":"91","Item":"廢容器","Amount":"40.18"},{"Year":"92","Item":"廢潤滑油","Amount":"1.41"},{"Year":"92","Item":"廢照明光源","Amount":"100.83"},{"Year":"92","Item":"廢資訊物品","Amount":"123.96"},{"Year":"92","Item":"廢電子電器","Amount":"36.85"},{"Year":"92","Item":"廢輪胎","Amount":"96.57"},{"Year":"92","Item":"廢鉛蓄電池","Amount":"80.77"},{"Year":"92","Item":"廢機動車輛","Amount":"54.14"},{"Year":"92","Item":"廢乾電池","Amount":"12.09"},{"Year":"92","Item":"廢容器","Amount":"49.12"},{"Year":"93","Item":"廢潤滑油","Amount":"2.04"},{"Year":"93","Item":"廢照明光源","Amount":"56.02"},{"Year":"93","Item":"廢資訊物品","Amount":"38.72"},{"Year":"93","Item":"廢電子電器","Amount":"36.03"},{"Year":"93","Item":"廢輪胎","Amount":"77.01"},{"Year":"93","Item":"廢鉛蓄電池","Amount":"78.52"},{"Year":"93","Item":"廢機動車輛","Amount":"72.35"},{"Year":"93","Item":"廢乾電池","Amount":"17.74"},{"Year":"93","Item":"廢容器","Amount":"49.4"},{"Year":"94","Item":"廢潤滑油","Amount":"2.89"},{"Year":"94","Item":"廢照明光源","Amount":"61.07"},{"Year":"94","Item":"廢資訊物品","Amount":"34.86"},{"Year":"94","Item":"廢電子電器","Amount":"43.41"},{"Year":"94","Item":"廢輪胎","Amount":"70.98"},{"Year":"94","Item":"廢鉛蓄電池","Amount":"74.76"},{"Year":"94","Item":"廢機動車輛","Amount":"78.42"},{"Year":"94","Item":"廢乾電池","Amount":"20.85"},{"Year":"94","Item":"廢容器","Amount":"49.17"},{"Year":"95","Item":"廢潤滑油","Amount":"4.05"},{"Year":"95","Item":"廢照明光源","Amount":"62.49"},{"Year":"95","Item":"廢資訊物品","Amount":"48.01"},{"Year":"95","Item":"廢電子電器","Amount":"48.83"},{"Year":"95","Item":"廢輪胎","Amount":"62.92"},{"Year":"95","Item":"廢鉛蓄電池","Amount":"80.26"},{"Year":"95","Item":"廢機動車輛","Amount":"86.43"},{"Year":"95","Item":"廢乾電池","Amount":"50.06"},{"Year":"95","Item":"廢容器","Amount":"60.91"},{"Year":"96","Item":"廢潤滑油","Amount":"21.23"},{"Year":"96","Item":"廢照明光源","Amount":"51.78"},{"Year":"96","Item":"廢資訊物品","Amount":"39.77"},{"Year":"96","Item":"廢電子電器","Amount":"51"},{"Year":"96","Item":"廢輪胎","Amount":"61.7"},{"Year":"96","Item":"廢鉛蓄電池","Amount":"61.38"},{"Year":"96","Item":"廢機動車輛","Amount":"79.5"},{"Year":"96","Item":"廢乾電池","Amount":"27.06"},{"Year":"96","Item":"廢容器","Amount":"64.21"},{"Year":"97","Item":"廢潤滑油","Amount":"44.01"},{"Year":"97","Item":"廢照明光源","Amount":"56.48"},{"Year":"97","Item":"廢資訊物品","Amount":"39.05"},{"Year":"97","Item":"廢電子電器","Amount":"53.26"},{"Year":"97","Item":"廢輪胎","Amount":"68.65"},{"Year":"97","Item":"廢鉛蓄電池","Amount":"62.08"},{"Year":"97","Item":"廢機動車輛","Amount":"72.85"},{"Year":"97","Item":"廢乾電池","Amount":"67.25"},{"Year":"97","Item":"廢容器","Amount":"65.95"},{"Year":"98","Item":"廢潤滑油","Amount":"61.81"},{"Year":"98","Item":"廢照明光源","Amount":"67.48"},{"Year":"98","Item":"廢資訊物品","Amount":"31.83"},{"Year":"98","Item":"廢電子電器","Amount":"55.6"},{"Year":"98","Item":"廢輪胎","Amount":"68.8"},{"Year":"98","Item":"廢鉛蓄電池","Amount":"37.15"},{"Year":"98","Item":"廢機動車輛","Amount":"91.04"},{"Year":"98","Item":"廢乾電池","Amount":"50.85"},{"Year":"98","Item":"廢容器","Amount":"72.18"},{"Year":"99","Item":"廢潤滑油","Amount":"71.65"},{"Year":"99","Item":"廢照明光源","Amount":"78.99"},{"Year":"99","Item":"廢資訊物品","Amount":"40.9"},{"Year":"99","Item":"廢電子電器","Amount":"61.74"},{"Year":"99","Item":"廢輪胎","Amount":"72.1"},{"Year":"99","Item":"廢鉛蓄電池","Amount":"74.21"},{"Year":"99","Item":"廢機動車輛","Amount":"88.91"},{"Year":"99","Item":"廢乾電池","Amount":"42.43"},{"Year":"99","Item":"廢容器","Amount":"69.31"},{"Year":"100","Item":"廢潤滑油","Amount":"75.22"},{"Year":"100","Item":"廢照明光源","Amount":"73.89"},{"Year":"100","Item":"廢資訊物品","Amount":"46.91"},{"Year":"100","Item":"廢電子電器","Amount":"65.64"},{"Year":"100","Item":"廢輪胎","Amount":"74.23"},{"Year":"100","Item":"廢鉛蓄電池","Amount":"87.73"},{"Year":"100","Item":"廢機動車輛","Amount":"60.02"},{"Year":"100","Item":"廢乾電池","Amount":"36.89"},{"Year":"100","Item":"廢容器","Amount":"75.4"},{"Year":"101","Item":"廢照明光源","Amount":"186.55"},{"Year":"101","Item":"廢資訊物品","Amount":"42.93"},{"Year":"101","Item":"廢電子電器","Amount":"80.41"},{"Year":"101","Item":"廢輪胎","Amount":"75.3"},{"Year":"101","Item":"廢鉛蓄電池","Amount":"86.24"},{"Year":"101","Item":"廢機動車輛","Amount":"32.66"},{"Year":"101","Item":"廢乾電池","Amount":"52.39"},{"Year":"101","Item":"廢容器","Amount":"75.66"},{"Year":"102","Item":"廢照明光源","Amount":"126.07"},{"Year":"102","Item":"廢資訊物品","Amount":"40.08"},{"Year":"102","Item":"廢電子電器","Amount":"88.95"},{"Year":"102","Item":"廢輪胎","Amount":"62.26"},{"Year":"102","Item":"廢鉛蓄電池","Amount":"81.72"},{"Year":"102","Item":"廢機動車輛","Amount":"17.87"},{"Year":"102","Item":"廢乾電池","Amount":"50.12"},{"Year":"102","Item":"廢容器","Amount":"76.55"}]