ID,checking_status,duration,credit_history,purpose,credit_amount,savings_status,employment,installment_commitment,personal_status,other_parties,residence_since,property_magnitude,age,other_payment_plans,housing,existing_credits,job,num_dependents,own_telephone,foreign_worker,class
0001,A11,6,A34,A43,1169,A65,A75,4,A93,A101,4,A121,67,A143,A152,2,A173,1,A192,A201,1
0002,A12,48,A32,A43,5951,A61,A73,2,A92,A101,2,A121,22,A143,A152,1,A173,1,A191,A201,2
0003,A14,12,A34,A46,2096,A61,A74,2,A93,A101,3,A121,49,A143,A152,1,A172,2,A191,A201,1
0004,A11,42,A32,A42,7882,A61,A74,2,A93,A103,4,A122,45,A143,A153,1,A173,2,A191,A201,1
0005,A11,24,A33,A40,4870,A61,A73,3,A93,A101,4,A124,53,A143,A153,2,A173,2,A191,A201,2
0006,A14,36,A32,A46,9055,A65,A73,2,A93,A101,4,A124,35,A143,A153,1,A172,2,A192,A201,1
0007,A14,24,A32,A42,2835,A63,A75,3,A93,A101,4,A122,53,A143,A152,1,A173,1,A191,A201,1
0008,A12,36,A32,A41,6948,A61,A73,2,A93,A101,2,A123,35,A143,A151,1,A174,1,A192,A201,1
0009,A14,12,A32,A43,3059,A64,A74,2,A91,A101,4,A121,61,A143,A152,1,A172,1,A191,A201,1
0010,A12,30,A34,A40,5234,A61,A71,4,A94,A101,2,A123,28,A143,A152,2,A174,1,A191,A201,2
0011,A12,12,A32,A40,1295,A61,A72,3,A92,A101,1,A123,25,A143,A151,1,A173,1,A191,A201,2
0012,A11,48,A32,A49,4308,A61,A72,3,A92,A101,4,A122,24,A143,A151,1,A173,1,A191,A201,2
0013,A12,12,A32,A43,1567,A61,A73,1,A92,A101,1,A123,22,A143,A152,1,A173,1,A192,A201,1
0014,A11,24,A34,A40,1199,A61,A75,4,A93,A101,4,A123,60,A143,A152,2,A172,1,A191,A201,2
0015,A11,15,A32,A40,1403,A61,A73,2,A92,A101,4,A123,28,A143,A151,1,A173,1,A191,A201,1
0016,A11,24,A32,A43,1282,A62,A73,4,A92,A101,2,A123,32,A143,A152,1,A172,1,A191,A201,2
0017,A14,24,A34,A43,2424,A65,A75,4,A93,A101,4,A122,53,A143,A152,2,A173,1,A191,A201,1
0018,A11,30,A30,A49,8072,A65,A72,2,A93,A101,3,A123,25,A141,A152,3,A173,1,A191,A201,1
0019,A12,24,A32,A41,12579,A61,A75,4,A92,A101,2,A124,44,A143,A153,1,A174,1,A192,A201,2
0020,A14,24,A32,A43,3430,A63,A75,3,A93,A101,2,A123,31,A143,A152,1,A173,2,A192,A201,1
0021,A14,9,A34,A40,2134,A61,A73,4,A93,A101,4,A123,48,A143,A152,3,A173,1,A192,A201,1
0022,A11,6,A32,A43,2647,A63,A73,2,A93,A101,3,A121,44,A143,A151,1,A173,2,A191,A201,1
0023,A11,10,A34,A40,2241,A61,A72,1,A93,A101,3,A121,48,A143,A151,2,A172,2,A191,A202,1
0024,A12,12,A34,A41,1804,A62,A72,3,A93,A101,4,A122,44,A143,A152,1,A173,1,A191,A201,1
0025,A14,10,A34,A42,2069,A65,A73,2,A94,A101,1,A123,26,A143,A152,2,A173,1,A191,A202,1
0026,A11,6,A32,A42,1374,A61,A73,1,A93,A101,2,A121,36,A141,A152,1,A172,1,A192,A201,1
0027,A14,6,A30,A43,426,A61,A75,4,A94,A101,4,A123,39,A143,A152,1,A172,1,A191,A201,1
0028,A13,12,A31,A43,409,A64,A73,3,A92,A101,3,A121,42,A143,A151,2,A173,1,A191,A201,1
0029,A12,7,A32,A43,2415,A61,A73,3,A93,A103,2,A121,34,A143,A152,1,A173,1,A191,A201,1
0030,A11,60,A33,A49,6836,A61,A75,3,A93,A101,4,A124,63,A143,A152,2,A173,1,A192,A201,2
0031,A12,18,A32,A49,1913,A64,A72,3,A94,A101,3,A121,36,A141,A152,1,A173,1,A192,A201,1
0032,A11,24,A32,A42,4020,A61,A73,2,A93,A101,2,A123,27,A142,A152,1,A173,1,A191,A201,1
0033,A12,18,A32,A40,5866,A62,A73,2,A93,A101,2,A123,30,A143,A152,2,A173,1,A192,A201,1
0034,A14,12,A34,A49,1264,A65,A75,4,A93,A101,4,A124,57,A143,A151,1,A172,1,A191,A201,1
0035,A13,12,A32,A42,1474,A61,A72,4,A92,A101,1,A122,33,A141,A152,1,A174,1,A192,A201,1
0036,A12,45,A34,A43,4746,A61,A72,4,A93,A101,2,A122,25,A143,A152,2,A172,1,A191,A201,2
0037,A14,48,A34,A46,6110,A61,A73,1,A93,A101,3,A124,31,A141,A153,1,A173,1,A192,A201,1
0038,A13,18,A32,A43,2100,A61,A73,4,A93,A102,2,A121,37,A142,A152,1,A173,1,A191,A201,2
0039,A13,10,A32,A44,1225,A61,A73,2,A93,A101,2,A123,37,A143,A152,1,A173,1,A192,A201,1
0040,A12,9,A32,A43,458,A61,A73,4,A93,A101,3,A121,24,A143,A152,1,A173,1,A191,A201,1
0041,A14,30,A32,A43,2333,A63,A75,4,A93,A101,2,A123,30,A141,A152,1,A174,1,A191,A201,1
0042,A12,12,A32,A43,1158,A63,A73,3,A91,A101,1,A123,26,A143,A152,1,A173,1,A192,A201,1
0043,A12,18,A33,A45,6204,A61,A73,2,A93,A101,4,A121,44,A143,A152,1,A172,2,A192,A201,1
0044,A11,30,A34,A41,6187,A62,A74,1,A94,A101,4,A123,24,A143,A151,2,A173,1,A191,A201,1
0045,A11,48,A34,A41,6143,A61,A75,4,A92,A101,4,A124,58,A142,A153,2,A172,1,A191,A201,2
0046,A14,11,A34,A40,1393,A61,A72,4,A92,A101,4,A123,35,A143,A152,2,A174,1,A191,A201,1
0047,A14,36,A32,A43,2299,A63,A75,4,A93,A101,4,A123,39,A143,A152,1,A173,1,A191,A201,1
0048,A11,6,A32,A41,1352,A63,A71,1,A92,A101,2,A122,23,A143,A151,1,A171,1,A192,A201,1
0049,A14,11,A34,A40,7228,A61,A73,1,A93,A101,4,A122,39,A143,A152,2,A172,1,A191,A201,1
0050,A14,12,A32,A43,2073,A62,A73,4,A92,A102,2,A121,28,A143,A152,1,A173,1,A191,A201,1
0051,A12,24,A33,A42,2333,A65,A72,4,A93,A101,2,A122,29,A141,A152,1,A172,1,A191,A201,1
0052,A12,27,A33,A41,5965,A61,A75,1,A93,A101,2,A123,30,A143,A152,2,A174,1,A192,A201,1
0053,A14,12,A32,A43,1262,A61,A73,3,A93,A101,2,A123,25,A143,A152,1,A173,1,A191,A201,1
0054,A14,18,A32,A41,3378,A65,A73,2,A93,A101,1,A122,31,A143,A152,1,A173,1,A192,A201,1
0055,A12,36,A33,A40,2225,A61,A75,4,A93,A101,4,A124,57,A141,A153,2,A173,1,A192,A201,2
0056,A14,6,A31,A40,783,A65,A73,1,A93,A103,2,A121,26,A142,A152,1,A172,2,A191,A201,1
0057,A12,12,A32,A43,6468,A65,A71,2,A93,A101,1,A124,52,A143,A152,1,A174,1,A192,A201,2
0058,A14,36,A34,A43,9566,A61,A73,2,A92,A101,2,A123,31,A142,A152,2,A173,1,A191,A201,1
0059,A13,18,A32,A40,1961,A61,A75,3,A92,A101,2,A123,23,A143,A152,1,A174,1,A191,A201,1
0060,A11,36,A34,A42,6229,A61,A72,4,A92,A102,4,A124,23,A143,A151,2,A172,1,A192,A201,2
0061,A12,9,A32,A49,1391,A61,A73,2,A94,A101,1,A121,27,A141,A152,1,A173,1,A192,A201,1
0062,A12,15,A34,A43,1537,A65,A75,4,A93,A103,4,A121,50,A143,A152,2,A173,1,A192,A201,1
0063,A12,36,A30,A49,1953,A61,A75,4,A93,A101,4,A124,61,A143,A153,1,A174,1,A192,A201,2
0064,A12,48,A30,A49,14421,A61,A73,2,A93,A101,2,A123,25,A143,A152,1,A173,1,A192,A201,2
0065,A14,24,A32,A43,3181,A61,A72,4,A92,A101,4,A122,26,A143,A152,1,A173,1,A192,A201,1
0066,A14,27,A32,A45,5190,A65,A75,4,A93,A101,4,A122,48,A143,A152,4,A173,2,A192,A201,1
0067,A14,12,A32,A43,2171,A61,A72,2,A92,A101,2,A123,29,A141,A152,1,A173,1,A191,A201,1
0068,A12,12,A32,A40,1007,A64,A73,4,A94,A101,1,A121,22,A143,A152,1,A173,1,A191,A201,1
0069,A14,36,A32,A46,1819,A61,A73,4,A93,A101,4,A124,37,A142,A153,1,A173,1,A192,A201,2
0070,A14,36,A32,A43,2394,A65,A73,4,A92,A101,4,A123,25,A143,A152,1,A173,1,A191,A201,1
0071,A14,36,A32,A41,8133,A61,A73,1,A92,A101,2,A122,30,A141,A152,1,A173,1,A191,A201,1
0072,A14,7,A34,A43,730,A65,A75,4,A93,A101,2,A122,46,A143,A151,2,A172,1,A192,A201,1
0073,A11,8,A34,A410,1164,A61,A75,3,A93,A101,4,A124,51,A141,A153,2,A174,2,A192,A201,1
0074,A12,42,A34,A49,5954,A61,A74,2,A92,A101,1,A121,41,A141,A152,2,A172,1,A191,A201,1
0075,A11,36,A32,A46,1977,A65,A75,4,A93,A101,4,A124,40,A143,A152,1,A174,1,A192,A201,2
0076,A11,12,A34,A41,1526,A61,A75,4,A93,A101,4,A124,66,A143,A153,2,A174,1,A191,A201,1
0077,A11,42,A32,A43,3965,A61,A72,4,A93,A101,3,A123,34,A143,A152,1,A173,1,A191,A201,2
0078,A12,11,A33,A43,4771,A61,A74,2,A93,A101,4,A122,51,A143,A152,1,A173,1,A191,A201,1
0079,A14,54,A30,A41,9436,A65,A73,2,A93,A101,2,A122,39,A143,A152,1,A172,2,A191,A201,1
0080,A12,30,A32,A42,3832,A61,A72,2,A94,A101,1,A122,22,A143,A152,1,A173,1,A191,A201,1
0081,A14,24,A32,A43,5943,A65,A72,1,A92,A101,1,A123,44,A143,A152,2,A173,1,A192,A201,2
0082,A14,15,A32,A43,1213,A63,A75,4,A93,A101,3,A122,47,A142,A152,1,A173,1,A192,A201,1
0083,A14,18,A32,A49,1568,A62,A73,3,A92,A101,4,A122,24,A143,A151,1,A172,1,A191,A201,1
0084,A11,24,A32,A410,1755,A61,A75,4,A92,A103,4,A121,58,A143,A152,1,A172,1,A192,A201,1
0085,A11,10,A32,A43,2315,A61,A75,3,A93,A101,4,A121,52,A143,A152,1,A172,1,A191,A201,1
0086,A14,12,A34,A49,1412,A61,A73,4,A92,A103,2,A121,29,A143,A152,2,A174,1,A192,A201,1
0087,A12,18,A34,A42,1295,A61,A72,4,A92,A101,1,A122,27,A143,A152,2,A173,1,A191,A201,1
0088,A12,36,A32,A46,12612,A62,A73,1,A93,A101,4,A124,47,A143,A153,1,A173,2,A192,A201,2
0089,A11,18,A32,A40,2249,A62,A74,4,A93,A101,3,A123,30,A143,A152,1,A174,2,A192,A201,1
0090,A11,12,A30,A45,1108,A61,A74,4,A93,A101,3,A121,28,A143,A152,2,A173,1,A191,A201,2
0091,A14,12,A34,A43,618,A61,A75,4,A93,A101,4,A121,56,A143,A152,1,A173,1,A191,A201,1
0092,A11,12,A34,A41,1409,A61,A75,4,A93,A101,3,A121,54,A143,A152,1,A173,1,A191,A201,1
0093,A14,12,A34,A43,797,A65,A75,4,A92,A101,3,A122,33,A141,A152,1,A172,2,A191,A201,2
0094,A13,24,A34,A42,3617,A65,A75,4,A93,A102,4,A124,20,A143,A151,2,A173,1,A191,A201,1
0095,A12,12,A32,A40,1318,A64,A75,4,A93,A101,4,A121,54,A143,A152,1,A173,1,A192,A201,1
0096,A12,54,A30,A49,15945,A61,A72,3,A93,A101,4,A124,58,A143,A151,1,A173,1,A192,A201,2
0097,A14,12,A34,A46,2012,A65,A74,4,A92,A101,2,A123,61,A143,A152,1,A173,1,A191,A201,1
0098,A12,18,A32,A49,2622,A62,A73,4,A93,A101,4,A123,34,A143,A152,1,A173,1,A191,A201,1
0099,A12,36,A34,A43,2337,A61,A75,4,A93,A101,4,A121,36,A143,A152,1,A173,1,A191,A201,1
0100,A12,20,A33,A41,7057,A65,A74,3,A93,A101,4,A122,36,A141,A151,2,A174,2,A192,A201,1
0101,A14,24,A32,A40,1469,A62,A75,4,A94,A101,4,A121,41,A143,A151,1,A172,1,A191,A201,1
0102,A12,36,A32,A43,2323,A61,A74,4,A93,A101,4,A123,24,A143,A151,1,A173,1,A191,A201,1
0103,A14,6,A33,A43,932,A61,A73,3,A92,A101,2,A121,24,A143,A152,1,A173,1,A191,A201,1
0104,A12,9,A34,A42,1919,A61,A74,4,A93,A101,3,A123,35,A143,A151,1,A173,1,A192,A201,1
0105,A14,12,A32,A41,2445,A65,A72,2,A94,A101,4,A123,26,A143,A151,1,A173,1,A192,A201,1
0106,A12,24,A34,A410,11938,A61,A73,2,A93,A102,3,A123,39,A143,A152,2,A174,2,A192,A201,2
0107,A14,18,A31,A40,6458,A61,A75,2,A93,A101,4,A124,39,A141,A152,2,A174,2,A192,A201,2
0108,A12,12,A32,A40,6078,A61,A74,2,A93,A101,2,A123,32,A143,A152,1,A173,1,A191,A201,1
0109,A11,24,A32,A42,7721,A65,A72,1,A92,A101,2,A122,30,A143,A152,1,A173,1,A192,A202,1
0110,A12,14,A32,A49,1410,A63,A75,1,A94,A101,2,A121,35,A143,A152,1,A173,1,A192,A201,1
0111,A12,6,A33,A49,1449,A62,A75,1,A91,A101,2,A123,31,A141,A152,2,A173,2,A191,A201,1
0112,A13,15,A32,A46,392,A61,A72,4,A92,A101,4,A122,23,A143,A151,1,A173,1,A192,A201,1
0113,A12,18,A32,A40,6260,A61,A74,3,A93,A101,3,A121,28,A143,A151,1,A172,1,A191,A201,1
0114,A14,36,A34,A40,7855,A61,A73,4,A92,A101,2,A121,25,A142,A152,2,A173,1,A192,A201,2
0115,A11,12,A32,A43,1680,A63,A75,3,A94,A101,1,A121,35,A143,A152,1,A173,1,A191,A201,1
0116,A14,48,A34,A43,3578,A65,A75,4,A93,A101,1,A121,47,A143,A152,1,A173,1,A192,A201,1
0117,A11,42,A32,A43,7174,A65,A74,4,A92,A101,3,A123,30,A143,A152,1,A174,1,A192,A201,2
0118,A11,10,A34,A42,2132,A65,A72,2,A92,A102,3,A121,27,A143,A151,2,A173,1,A191,A202,1
0119,A11,33,A34,A42,4281,A63,A73,1,A92,A101,4,A123,23,A143,A152,2,A173,1,A191,A201,2
0120,A12,12,A34,A40,2366,A63,A74,3,A91,A101,3,A123,36,A143,A152,1,A174,1,A192,A201,1
0121,A11,21,A32,A43,1835,A61,A73,3,A92,A101,2,A121,25,A143,A152,2,A173,1,A192,A201,2
0122,A14,24,A34,A41,3868,A61,A75,4,A92,A101,2,A123,41,A143,A151,2,A174,1,A192,A201,1
0123,A14,12,A32,A42,1768,A61,A73,3,A93,A101,2,A121,24,A143,A151,1,A172,1,A191,A201,1
0124,A13,10,A34,A40,781,A61,A75,4,A93,A101,4,A124,63,A143,A153,2,A173,1,A192,A201,1
0125,A12,18,A32,A42,1924,A65,A72,4,A92,A101,3,A121,27,A143,A151,1,A173,1,A191,A201,2
0126,A11,12,A34,A40,2121,A61,A73,4,A93,A101,2,A122,30,A143,A152,2,A173,1,A191,A201,1
0127,A11,12,A32,A43,701,A61,A73,4,A94,A101,2,A121,40,A143,A152,1,A172,1,A191,A201,1
0128,A12,12,A32,A45,639,A61,A73,4,A93,A101,2,A123,30,A143,A152,1,A173,1,A191,A201,2
0129,A12,12,A34,A41,1860,A61,A71,4,A93,A101,2,A123,34,A143,A152,2,A174,1,A192,A201,1
0130,A11,12,A34,A40,3499,A61,A73,3,A92,A102,2,A121,29,A143,A152,2,A173,1,A191,A201,2
0131,A12,48,A32,A40,8487,A65,A74,1,A92,A101,2,A123,24,A143,A152,1,A173,1,A191,A201,1
0132,A11,36,A33,A46,6887,A61,A73,4,A93,A101,3,A122,29,A142,A152,1,A173,1,A192,A201,2
0133,A14,15,A32,A42,2708,A61,A72,2,A93,A101,3,A122,27,A141,A152,2,A172,1,A191,A201,1
0134,A14,18,A32,A42,1984,A61,A73,4,A93,A101,4,A124,47,A141,A153,2,A173,1,A191,A201,1
0135,A14,60,A32,A43,10144,A62,A74,2,A92,A101,4,A121,21,A143,A152,1,A173,1,A192,A201,1
0136,A14,12,A34,A43,1240,A65,A75,4,A92,A101,2,A121,38,A143,A152,2,A173,1,A192,A201,1
0137,A14,27,A33,A41,8613,A64,A73,2,A93,A101,2,A123,27,A143,A152,2,A173,1,A191,A201,1
0138,A12,12,A32,A43,766,A63,A73,4,A93,A101,3,A121,66,A143,A152,1,A172,1,A191,A201,2
0139,A12,15,A34,A43,2728,A65,A74,4,A93,A103,2,A121,35,A141,A152,3,A173,1,A192,A201,1
0140,A13,12,A32,A43,1881,A61,A73,2,A92,A101,2,A123,44,A143,A151,1,A172,1,A192,A201,1
0141,A13,6,A32,A40,709,A64,A72,2,A94,A101,2,A121,27,A143,A152,1,A171,1,A191,A202,1
0142,A12,36,A32,A43,4795,A61,A72,4,A92,A101,1,A124,30,A143,A152,1,A174,1,A192,A201,1
0143,A11,27,A32,A43,3416,A61,A73,3,A93,A101,2,A123,27,A143,A152,1,A174,1,A191,A201,1
0144,A11,18,A32,A42,2462,A61,A73,2,A93,A101,2,A123,22,A143,A152,1,A173,1,A191,A201,2
0145,A14,21,A34,A42,2288,A61,A72,4,A92,A101,4,A122,23,A143,A152,1,A173,1,A192,A201,1
0146,A12,48,A31,A49,3566,A62,A74,4,A93,A101,2,A123,30,A143,A152,1,A173,1,A191,A201,1
0147,A11,6,A34,A40,860,A61,A75,1,A92,A101,4,A124,39,A143,A152,2,A173,1,A192,A201,1
0148,A14,12,A34,A40,682,A62,A74,4,A92,A101,3,A123,51,A143,A152,2,A173,1,A192,A201,1
0149,A11,36,A34,A42,5371,A61,A73,3,A93,A103,2,A122,28,A143,A152,2,A173,1,A191,A201,1
0150,A14,18,A34,A43,1582,A64,A75,4,A93,A101,4,A123,46,A143,A152,2,A173,1,A191,A201,1
0151,A14,6,A32,A43,1346,A62,A75,2,A93,A101,4,A124,42,A141,A153,1,A173,2,A192,A201,1
0152,A14,10,A32,A43,1924,A61,A73,1,A93,A101,4,A122,38,A143,A152,1,A173,1,A192,A202,1
0153,A13,36,A32,A43,5848,A61,A73,4,A93,A101,1,A123,24,A143,A152,1,A173,1,A191,A201,1
0154,A12,24,A34,A41,7758,A64,A75,2,A92,A101,4,A124,29,A143,A151,1,A173,1,A191,A201,1
0155,A12,24,A33,A49,6967,A62,A74,4,A93,A101,4,A123,36,A143,A151,1,A174,1,A192,A201,1
0156,A11,12,A32,A42,1282,A61,A73,2,A92,A101,4,A123,20,A143,A151,1,A173,1,A191,A201,2
0157,A11,9,A34,A45,1288,A62,A75,3,A93,A103,4,A121,48,A143,A152,2,A173,2,A191,A202,1
0158,A11,12,A31,A48,339,A61,A75,4,A94,A101,1,A123,45,A141,A152,1,A172,1,A191,A201,1
0159,A12,24,A32,A40,3512,A62,A74,2,A93,A101,3,A123,38,A141,A152,2,A173,1,A192,A201,1
0160,A14,6,A34,A43,1898,A65,A73,1,A93,A101,2,A121,34,A143,A152,2,A172,2,A191,A201,1
0161,A14,24,A34,A43,2872,A62,A75,3,A93,A101,4,A121,36,A143,A152,1,A173,2,A192,A201,1
0162,A14,18,A34,A40,1055,A61,A72,4,A92,A101,1,A122,30,A143,A152,2,A173,1,A191,A201,1
0163,A14,15,A32,A44,1262,A63,A74,4,A93,A101,3,A122,36,A143,A152,2,A173,1,A192,A201,1
0164,A12,10,A32,A40,7308,A61,A71,2,A93,A101,4,A124,70,A141,A153,1,A174,1,A192,A201,1
0165,A14,36,A32,A40,909,A63,A75,4,A93,A101,4,A122,36,A143,A152,1,A173,1,A191,A201,1
0166,A14,6,A32,A42,2978,A63,A73,1,A93,A101,2,A123,32,A143,A152,1,A173,1,A192,A201,1
0167,A11,18,A32,A42,1131,A61,A71,4,A92,A101,2,A123,33,A143,A152,1,A173,1,A191,A201,2
0168,A12,11,A32,A42,1577,A64,A72,4,A92,A101,1,A121,20,A143,A152,1,A173,1,A191,A201,1
0169,A14,24,A32,A42,3972,A61,A74,2,A92,A101,4,A122,25,A143,A151,1,A173,1,A192,A201,1
0170,A12,24,A34,A49,1935,A61,A75,4,A91,A101,4,A121,31,A143,A152,2,A173,1,A192,A201,2
0171,A11,15,A30,A40,950,A61,A75,4,A93,A101,3,A123,33,A143,A151,2,A173,2,A191,A201,2
0172,A14,12,A32,A42,763,A61,A73,4,A92,A101,1,A121,26,A143,A152,1,A173,1,A192,A201,1
0173,A12,24,A33,A42,2064,A61,A71,3,A92,A101,2,A122,34,A143,A152,1,A174,1,A192,A201,2
0174,A12,8,A32,A43,1414,A61,A73,4,A93,A103,2,A121,33,A143,A152,1,A173,1,A191,A202,1
0175,A11,21,A33,A46,3414,A61,A72,2,A93,A101,1,A122,26,A143,A152,2,A173,1,A191,A201,2
0176,A14,30,A31,A41,7485,A65,A71,4,A92,A101,1,A121,53,A141,A152,1,A174,1,A192,A201,2
0177,A11,12,A32,A42,2577,A61,A73,2,A91,A101,1,A123,42,A143,A152,1,A173,1,A191,A201,1
0178,A11,6,A34,A43,338,A63,A75,4,A93,A101,4,A123,52,A143,A152,2,A173,1,A191,A201,1
0179,A14,12,A32,A43,1963,A61,A74,4,A93,A101,2,A123,31,A143,A151,2,A174,2,A192,A201,1
0180,A11,21,A34,A40,571,A61,A75,4,A93,A101,4,A121,65,A143,A152,2,A173,1,A191,A201,1
0181,A14,36,A33,A49,9572,A61,A72,1,A91,A101,1,A123,28,A143,A152,2,A173,1,A191,A201,2
0182,A12,36,A33,A49,4455,A61,A73,2,A91,A101,2,A121,30,A142,A152,2,A174,1,A192,A201,2
0183,A11,21,A31,A40,1647,A65,A73,4,A93,A101,2,A122,40,A143,A152,2,A172,2,A191,A201,2
0184,A14,24,A34,A42,3777,A64,A73,4,A93,A101,4,A121,50,A143,A152,1,A173,1,A192,A201,1
0185,A12,18,A34,A40,884,A61,A75,4,A93,A101,4,A123,36,A141,A152,1,A173,2,A192,A201,2
0186,A14,15,A34,A43,1360,A61,A73,4,A93,A101,2,A122,31,A143,A152,2,A173,1,A191,A201,1
0187,A12,9,A31,A41,5129,A61,A75,2,A92,A101,4,A124,74,A141,A153,1,A174,2,A192,A201,2
0188,A12,16,A34,A40,1175,A61,A71,2,A93,A101,3,A123,68,A143,A153,3,A171,1,A192,A201,1
0189,A11,12,A32,A43,674,A62,A74,4,A94,A101,1,A122,20,A143,A152,1,A173,1,A191,A201,2
0190,A12,18,A30,A42,3244,A61,A73,1,A92,A101,4,A123,33,A141,A152,2,A173,1,A192,A201,1
0191,A14,24,A32,A49,4591,A64,A73,2,A93,A101,3,A122,54,A143,A152,3,A174,1,A192,A201,2
0192,A12,48,A30,A49,3844,A62,A74,4,A93,A101,4,A124,34,A143,A153,1,A172,2,A191,A201,2
0193,A12,27,A32,A49,3915,A61,A73,4,A93,A101,2,A123,36,A143,A152,1,A173,2,A192,A201,2
0194,A14,6,A32,A43,2108,A61,A74,2,A94,A101,2,A121,29,A143,A151,1,A173,1,A191,A201,1
0195,A12,45,A32,A43,3031,A62,A73,4,A93,A103,4,A122,21,A143,A151,1,A173,1,A191,A201,2
0196,A12,9,A34,A46,1501,A61,A75,2,A92,A101,3,A123,34,A143,A152,2,A174,1,A192,A201,2
0197,A14,6,A34,A43,1382,A61,A73,1,A92,A101,1,A123,28,A143,A152,2,A173,1,A192,A201,1
0198,A12,12,A32,A42,951,A62,A72,4,A92,A101,4,A123,27,A141,A151,4,A173,1,A191,A201,2
0199,A12,24,A32,A41,2760,A65,A75,4,A93,A101,4,A124,36,A141,A153,1,A173,1,A192,A201,1
0200,A12,18,A33,A42,4297,A61,A75,4,A91,A101,3,A124,40,A143,A152,1,A174,1,A192,A201,2
0201,A14,9,A34,A46,936,A63,A75,4,A93,A101,2,A123,52,A143,A152,2,A173,1,A192,A201,1
0202,A11,12,A32,A40,1168,A61,A73,4,A94,A101,3,A121,27,A143,A152,1,A172,1,A191,A201,1
0203,A14,27,A33,A49,5117,A61,A74,3,A93,A101,4,A123,26,A143,A152,2,A173,1,A191,A201,1
0204,A11,12,A32,A48,902,A61,A74,4,A94,A101,4,A122,21,A143,A151,1,A173,1,A191,A201,2
0205,A14,12,A34,A40,1495,A61,A75,4,A93,A101,1,A121,38,A143,A152,2,A172,2,A191,A201,1
0206,A11,30,A34,A41,10623,A61,A75,3,A93,A101,4,A124,38,A143,A153,3,A174,2,A192,A201,1
0207,A14,12,A34,A42,1935,A61,A75,4,A93,A101,4,A121,43,A143,A152,3,A173,1,A192,A201,1
0208,A12,12,A34,A44,1424,A61,A74,4,A93,A101,3,A122,26,A143,A152,1,A173,1,A191,A201,1
0209,A11,24,A32,A49,6568,A61,A73,2,A94,A101,2,A123,21,A142,A152,1,A172,1,A191,A201,1
0210,A14,12,A32,A41,1413,A64,A74,3,A93,A101,2,A122,55,A143,A152,1,A173,1,A191,A202,1
0211,A14,9,A34,A43,3074,A65,A73,1,A93,A101,2,A121,33,A143,A152,2,A173,2,A191,A201,1
0212,A14,36,A32,A43,3835,A65,A75,2,A92,A101,4,A121,45,A143,A152,1,A172,1,A192,A201,1
0213,A11,27,A30,A49,5293,A61,A71,2,A93,A101,4,A122,50,A142,A152,2,A173,1,A192,A201,2
0214,A13,30,A33,A49,1908,A61,A75,4,A93,A101,4,A121,66,A143,A152,1,A174,1,A192,A201,2
0215,A14,36,A34,A43,3342,A65,A75,4,A93,A101,2,A123,51,A143,A152,1,A173,1,A192,A201,1
0216,A12,6,A34,A48,932,A65,A74,1,A92,A101,3,A122,39,A143,A152,2,A172,1,A191,A201,1
0217,A11,18,A30,A49,3104,A61,A74,3,A93,A101,1,A122,31,A141,A152,1,A173,1,A192,A201,1
0218,A13,36,A32,A43,3913,A61,A73,2,A93,A101,2,A121,23,A143,A152,1,A173,1,A192,A201,1
0219,A11,24,A32,A42,3021,A61,A73,2,A91,A101,2,A121,24,A143,A151,1,A172,1,A191,A201,1
0220,A14,10,A32,A40,1364,A61,A73,2,A92,A101,4,A123,64,A143,A152,1,A173,1,A192,A201,1
0221,A12,12,A32,A43,625,A61,A72,4,A94,A103,1,A121,26,A141,A152,1,A172,1,A191,A201,1
0222,A11,12,A32,A46,1200,A65,A73,4,A92,A101,4,A122,23,A141,A151,1,A173,1,A192,A201,1
0223,A14,12,A32,A43,707,A61,A73,4,A93,A101,2,A121,30,A141,A152,2,A173,1,A191,A201,1
0224,A14,24,A33,A49,2978,A65,A73,4,A93,A101,4,A121,32,A143,A152,2,A173,2,A192,A201,1
0225,A14,15,A32,A41,4657,A61,A73,3,A93,A101,2,A123,30,A143,A152,1,A173,1,A192,A201,1
0226,A14,36,A30,A45,2613,A61,A73,4,A93,A101,2,A123,27,A143,A152,2,A173,1,A191,A201,1
0227,A12,48,A32,A43,10961,A64,A74,1,A93,A102,2,A124,27,A141,A152,2,A173,1,A192,A201,2
0228,A11,12,A32,A42,7865,A61,A75,4,A93,A101,4,A124,53,A143,A153,1,A174,1,A192,A201,2
0229,A14,9,A32,A43,1478,A61,A74,4,A93,A101,2,A123,22,A143,A152,1,A173,1,A191,A201,2
0230,A11,24,A32,A42,3149,A61,A72,4,A93,A101,1,A124,22,A141,A153,1,A173,1,A191,A201,1
0231,A13,36,A32,A43,4210,A61,A73,4,A93,A101,2,A123,26,A143,A152,1,A173,1,A191,A201,2
0232,A14,9,A32,A40,2507,A63,A75,2,A93,A101,4,A124,51,A143,A153,1,A172,1,A191,A201,1
0233,A14,12,A32,A43,2141,A62,A74,3,A93,A101,1,A124,35,A143,A152,1,A173,1,A191,A201,1
0234,A12,18,A32,A43,866,A61,A73,4,A94,A103,2,A121,25,A143,A152,1,A172,1,A191,A201,1
0235,A14,4,A34,A43,1544,A61,A74,2,A93,A101,1,A121,42,A143,A152,3,A172,2,A191,A201,1
0236,A11,24,A32,A43,1823,A61,A71,4,A93,A101,2,A123,30,A142,A152,1,A174,2,A191,A201,2
0237,A12,6,A32,A40,14555,A65,A71,1,A93,A101,2,A122,23,A143,A152,1,A171,1,A192,A201,2
0238,A12,21,A32,A49,2767,A62,A75,4,A91,A101,2,A123,61,A141,A151,2,A172,1,A191,A201,2
0239,A14,12,A34,A43,1291,A61,A73,4,A92,A101,2,A122,35,A143,A152,2,A173,1,A191,A201,1
0240,A11,30,A32,A43,2522,A61,A75,1,A93,A103,3,A122,39,A143,A152,1,A173,2,A191,A201,1
0241,A11,24,A32,A40,915,A65,A75,4,A92,A101,2,A123,29,A141,A152,1,A173,1,A191,A201,2
0242,A14,6,A32,A43,1595,A61,A74,3,A93,A101,2,A122,51,A143,A152,1,A173,2,A191,A201,1
0243,A11,48,A30,A41,4605,A61,A75,3,A93,A101,4,A124,24,A143,A153,2,A173,2,A191,A201,2
0244,A14,12,A34,A49,1185,A61,A73,3,A92,A101,2,A121,27,A143,A152,2,A173,1,A191,A201,1
0245,A14,12,A31,A48,3447,A63,A73,4,A92,A101,3,A121,35,A143,A152,1,A172,2,A191,A201,1
0246,A14,24,A32,A49,1258,A61,A74,4,A93,A101,1,A121,25,A143,A152,1,A173,1,A192,A201,1
0247,A14,12,A34,A43,717,A61,A75,4,A93,A101,4,A121,52,A143,A152,3,A173,1,A191,A201,1
0248,A14,6,A30,A40,1204,A62,A73,4,A93,A101,1,A124,35,A141,A151,1,A173,1,A191,A202,1
0249,A13,24,A32,A42,1925,A61,A73,2,A93,A101,2,A121,26,A143,A152,1,A173,1,A191,A201,1
0250,A14,18,A32,A43,433,A61,A71,3,A92,A102,4,A121,22,A143,A151,1,A173,1,A191,A201,2
0251,A11,6,A34,A40,666,A64,A74,3,A92,A101,4,A121,39,A143,A152,2,A172,1,A192,A201,1
0252,A13,12,A32,A42,2251,A61,A73,1,A92,A101,2,A123,46,A143,A152,1,A172,1,A191,A201,1
0253,A12,30,A32,A40,2150,A61,A73,4,A92,A103,2,A124,24,A141,A152,1,A173,1,A191,A201,2
0254,A14,24,A33,A42,4151,A62,A73,2,A93,A101,3,A122,35,A143,A152,2,A173,1,A191,A201,1
0255,A12,9,A32,A42,2030,A65,A74,2,A93,A101,1,A123,24,A143,A152,1,A173,1,A192,A201,1
0256,A12,60,A33,A43,7418,A65,A73,1,A93,A101,1,A121,27,A143,A152,1,A172,1,A191,A201,1
0257,A14,24,A34,A43,2684,A61,A73,4,A93,A101,2,A121,35,A143,A152,2,A172,1,A191,A201,1
0258,A11,12,A31,A43,2149,A61,A73,4,A91,A101,1,A124,29,A143,A153,1,A173,1,A191,A201,2
0259,A14,15,A32,A41,3812,A62,A72,1,A92,A101,4,A123,23,A143,A152,1,A173,1,A192,A201,1
0260,A14,11,A34,A43,1154,A62,A71,4,A92,A101,4,A121,57,A143,A152,3,A172,1,A191,A201,1
0261,A11,12,A32,A42,1657,A61,A73,2,A93,A101,2,A121,27,A143,A152,1,A173,1,A191,A201,1
0262,A11,24,A32,A43,1603,A61,A75,4,A92,A101,4,A123,55,A143,A152,1,A173,1,A191,A201,1
0263,A11,18,A34,A40,5302,A61,A75,2,A93,A101,4,A124,36,A143,A153,3,A174,1,A192,A201,1
0264,A14,12,A34,A46,2748,A61,A75,2,A92,A101,4,A124,57,A141,A153,3,A172,1,A191,A201,1
0265,A14,10,A34,A40,1231,A61,A75,3,A93,A101,4,A121,32,A143,A152,2,A172,2,A191,A202,1
0266,A12,15,A32,A43,802,A61,A75,4,A93,A101,3,A123,37,A143,A152,1,A173,2,A191,A201,2
0267,A14,36,A34,A49,6304,A65,A75,4,A93,A101,4,A121,36,A143,A152,2,A173,1,A191,A201,1
0268,A14,24,A32,A43,1533,A61,A72,4,A92,A101,3,A123,38,A142,A152,1,A173,1,A192,A201,1
0269,A11,14,A32,A40,8978,A61,A75,1,A91,A101,4,A122,45,A143,A152,1,A174,1,A192,A202,2
0270,A14,24,A32,A43,999,A65,A75,4,A93,A101,2,A123,25,A143,A152,2,A173,1,A191,A201,1
0271,A14,18,A32,A40,2662,A65,A74,4,A93,A101,3,A122,32,A143,A152,1,A173,1,A191,A202,1
0272,A14,12,A34,A42,1402,A63,A74,3,A92,A101,4,A123,37,A143,A151,1,A173,1,A192,A201,1
0273,A12,48,A31,A40,12169,A65,A71,4,A93,A102,4,A124,36,A143,A153,1,A174,1,A192,A201,1
0274,A12,48,A32,A43,3060,A61,A74,4,A93,A101,4,A121,28,A143,A152,2,A173,1,A191,A201,2
0275,A11,30,A32,A45,11998,A61,A72,1,A91,A101,1,A124,34,A143,A152,1,A172,1,A192,A201,2
0276,A14,9,A32,A43,2697,A61,A73,1,A93,A101,2,A121,32,A143,A152,1,A173,2,A191,A201,1
0277,A14,18,A34,A43,2404,A61,A73,2,A92,A101,2,A123,26,A143,A152,2,A173,1,A191,A201,1
0278,A11,12,A32,A42,1262,A65,A75,2,A91,A101,4,A122,49,A143,A152,1,A172,1,A192,A201,1
0279,A14,6,A32,A42,4611,A61,A72,1,A92,A101,4,A122,32,A143,A152,1,A173,1,A191,A201,2
0280,A14,24,A32,A43,1901,A62,A73,4,A93,A101,4,A123,29,A143,A151,1,A174,1,A192,A201,1
0281,A14,15,A34,A41,3368,A64,A75,3,A93,A101,4,A124,23,A143,A151,2,A173,1,A192,A201,1
0282,A14,12,A32,A42,1574,A61,A73,4,A93,A101,2,A121,50,A143,A152,1,A173,1,A191,A201,1
0283,A13,18,A31,A43,1445,A65,A74,4,A93,A101,4,A123,49,A141,A152,1,A172,1,A191,A201,1
0284,A14,15,A34,A42,1520,A65,A75,4,A93,A101,4,A122,63,A143,A152,1,A173,1,A191,A201,1
0285,A12,24,A34,A40,3878,A62,A72,4,A91,A101,2,A123,37,A143,A152,1,A173,1,A192,A201,1
0286,A11,47,A32,A40,10722,A61,A72,1,A92,A101,1,A121,35,A143,A152,1,A172,1,A192,A201,1
0287,A11,48,A32,A41,4788,A61,A74,4,A93,A101,3,A122,26,A143,A152,1,A173,2,A191,A201,1
0288,A12,48,A33,A410,7582,A62,A71,2,A93,A101,4,A124,31,A143,A153,1,A174,1,A192,A201,1
0289,A12,12,A32,A43,1092,A61,A73,4,A92,A103,4,A121,49,A143,A152,2,A173,1,A192,A201,1
0290,A11,24,A33,A43,1024,A61,A72,4,A94,A101,4,A121,48,A142,A152,1,A173,1,A191,A201,2
0291,A14,12,A32,A49,1076,A61,A73,2,A94,A101,2,A121,26,A143,A152,1,A173,1,A192,A202,1
0292,A12,36,A32,A41,9398,A61,A72,1,A94,A101,4,A123,28,A143,A151,1,A174,1,A192,A201,2
0293,A11,24,A34,A41,6419,A61,A75,2,A92,A101,4,A124,44,A143,A153,2,A174,2,A192,A201,1
0294,A13,42,A34,A41,4796,A61,A75,4,A93,A101,4,A124,56,A143,A153,1,A173,1,A191,A201,1
0295,A14,48,A34,A49,7629,A65,A75,4,A91,A101,2,A123,46,A141,A152,2,A174,2,A191,A201,1
0296,A12,48,A32,A42,9960,A61,A72,1,A92,A101,2,A123,26,A143,A152,1,A173,1,A192,A201,2
0297,A14,12,A32,A41,4675,A65,A72,1,A92,A101,4,A123,20,A143,A151,1,A173,1,A191,A201,1
0298,A14,10,A32,A40,1287,A65,A75,4,A93,A102,2,A122,45,A143,A152,1,A172,1,A191,A202,1
0299,A14,18,A32,A42,2515,A61,A73,3,A93,A101,4,A121,43,A143,A152,1,A173,1,A192,A201,1
0300,A12,21,A34,A42,2745,A64,A74,3,A93,A101,2,A123,32,A143,A152,2,A173,1,A192,A201,1
0301,A14,6,A32,A40,672,A61,A71,1,A92,A101,4,A121,54,A143,A152,1,A171,1,A192,A201,1
0302,A12,36,A30,A43,3804,A61,A73,4,A92,A101,1,A123,42,A143,A152,1,A173,1,A192,A201,2
0303,A13,24,A34,A40,1344,A65,A74,4,A93,A101,2,A121,37,A141,A152,2,A172,2,A191,A201,2
0304,A11,10,A34,A40,1038,A61,A74,4,A93,A102,3,A122,49,A143,A152,2,A173,1,A192,A201,1
0305,A14,48,A34,A40,10127,A63,A73,2,A93,A101,2,A124,44,A141,A153,1,A173,1,A191,A201,2
0306,A14,6,A32,A42,1543,A64,A73,4,A91,A101,2,A121,33,A143,A152,1,A173,1,A191,A201,1
0307,A14,30,A32,A41,4811,A65,A74,2,A92,A101,4,A122,24,A142,A151,1,A172,1,A191,A201,1
0308,A11,12,A32,A43,727,A62,A72,4,A94,A101,3,A124,33,A143,A152,1,A172,1,A192,A201,2
0309,A12,8,A32,A42,1237,A61,A73,3,A92,A101,4,A121,24,A143,A152,1,A173,1,A191,A201,2
0310,A12,9,A32,A40,276,A61,A73,4,A94,A101,4,A121,22,A143,A151,1,A172,1,A191,A201,1
0311,A12,48,A32,A410,5381,A65,A71,3,A93,A101,4,A124,40,A141,A153,1,A171,1,A192,A201,1
0312,A14,24,A32,A42,5511,A62,A73,4,A93,A101,1,A123,25,A142,A152,1,A173,1,A191,A201,1
0313,A13,24,A32,A42,3749,A61,A72,2,A92,A101,4,A123,26,A143,A152,1,A173,1,A191,A201,1
0314,A12,12,A32,A40,685,A61,A74,2,A94,A101,3,A123,25,A141,A152,1,A172,1,A191,A201,2
0315,A13,4,A32,A40,1494,A65,A72,1,A93,A101,2,A121,29,A143,A152,1,A172,2,A191,A202,1
0316,A11,36,A31,A42,2746,A61,A75,4,A93,A101,4,A123,31,A141,A152,1,A173,1,A191,A201,2
0317,A11,12,A32,A42,708,A61,A73,2,A93,A103,3,A122,38,A143,A152,1,A172,2,A191,A201,1
0318,A12,24,A32,A42,4351,A65,A73,1,A92,A101,4,A122,48,A143,A152,1,A172,1,A192,A201,1
0319,A14,12,A34,A46,701,A61,A73,4,A93,A101,2,A123,32,A143,A152,2,A173,1,A191,A201,1
0320,A11,15,A33,A42,3643,A61,A75,1,A92,A101,4,A122,27,A143,A152,2,A172,1,A191,A201,1
0321,A12,30,A34,A40,4249,A61,A71,4,A94,A101,2,A123,28,A143,A152,2,A174,1,A191,A201,2
0322,A11,24,A32,A43,1938,A61,A72,4,A91,A101,3,A122,32,A143,A152,1,A173,1,A191,A201,2
0323,A11,24,A32,A41,2910,A61,A74,2,A93,A101,1,A124,34,A143,A153,1,A174,1,A192,A201,1
0324,A11,18,A32,A42,2659,A64,A73,4,A93,A101,2,A123,28,A143,A152,1,A173,1,A191,A201,1
0325,A14,18,A34,A40,1028,A61,A73,4,A92,A101,3,A121,36,A143,A152,2,A173,1,A191,A201,1
0326,A11,8,A34,A40,3398,A61,A74,1,A93,A101,4,A121,39,A143,A152,2,A172,1,A191,A202,1
0327,A14,12,A34,A42,5801,A65,A75,2,A93,A101,4,A122,49,A143,A151,1,A173,1,A192,A201,1
0328,A14,24,A32,A40,1525,A64,A74,4,A92,A101,3,A123,34,A143,A152,1,A173,2,A192,A201,1
0329,A13,36,A32,A43,4473,A61,A75,4,A93,A101,2,A123,31,A143,A152,1,A173,1,A191,A201,1
0330,A12,6,A32,A43,1068,A61,A75,4,A93,A101,4,A123,28,A143,A152,1,A173,2,A191,A201,1
0331,A11,24,A34,A41,6615,A61,A71,2,A93,A101,4,A124,75,A143,A153,2,A174,1,A192,A201,1
0332,A14,18,A34,A46,1864,A62,A73,4,A92,A101,2,A121,30,A143,A152,2,A173,1,A191,A201,2
0333,A12,60,A32,A40,7408,A62,A72,4,A92,A101,2,A122,24,A143,A152,1,A174,1,A191,A201,2
0334,A14,48,A34,A41,11590,A62,A73,2,A92,A101,4,A123,24,A141,A151,2,A172,1,A191,A201,2
0335,A11,24,A30,A42,4110,A61,A75,3,A93,A101,4,A124,23,A141,A151,2,A173,2,A191,A201,2
0336,A11,6,A34,A42,3384,A61,A73,1,A91,A101,4,A121,44,A143,A151,1,A174,1,A192,A201,2
0337,A12,13,A32,A43,2101,A61,A72,2,A92,A103,4,A122,23,A143,A152,1,A172,1,A191,A201,1
0338,A11,15,A32,A44,1275,A65,A73,4,A92,A101,2,A123,24,A143,A151,1,A173,1,A191,A201,2
0339,A11,24,A32,A42,4169,A61,A73,4,A93,A101,4,A122,28,A143,A152,1,A173,1,A191,A201,1
0340,A12,10,A32,A42,1521,A61,A73,4,A91,A101,2,A123,31,A143,A152,1,A172,1,A191,A201,1
0341,A12,24,A34,A46,5743,A61,A72,2,A92,A101,4,A124,24,A143,A153,2,A173,1,A192,A201,1
0342,A11,21,A32,A42,3599,A61,A74,1,A92,A101,4,A123,26,A143,A151,1,A172,1,A191,A201,1
0343,A12,18,A32,A43,3213,A63,A72,1,A94,A101,3,A121,25,A143,A151,1,A173,1,A191,A201,1
0344,A12,18,A32,A49,4439,A61,A75,1,A93,A102,1,A121,33,A141,A152,1,A174,1,A192,A201,1
0345,A13,10,A32,A40,3949,A61,A72,1,A93,A103,1,A122,37,A143,A152,1,A172,2,A191,A201,1
0346,A14,15,A34,A43,1459,A61,A73,4,A92,A101,2,A123,43,A143,A152,1,A172,1,A191,A201,1
0347,A12,13,A34,A43,882,A61,A72,4,A93,A103,4,A121,23,A143,A152,2,A173,1,A191,A201,1
0348,A12,24,A32,A43,3758,A63,A71,1,A92,A101,4,A124,23,A143,A151,1,A171,1,A191,A201,1
0349,A14,6,A33,A49,1743,A62,A73,1,A93,A101,2,A121,34,A143,A152,2,A172,1,A191,A201,1
0350,A12,9,A34,A46,1136,A64,A75,4,A93,A101,3,A124,32,A143,A153,2,A173,2,A191,A201,2
0351,A14,9,A32,A44,1236,A61,A72,1,A92,A101,4,A121,23,A143,A151,1,A173,1,A192,A201,1
0352,A12,9,A32,A42,959,A61,A73,1,A92,A101,2,A123,29,A143,A152,1,A173,1,A191,A202,2
0353,A14,18,A34,A41,3229,A65,A71,2,A93,A101,4,A124,38,A143,A152,1,A174,1,A192,A201,1
0354,A11,12,A30,A43,6199,A61,A73,4,A93,A101,2,A122,28,A143,A151,2,A173,1,A192,A201,2
0355,A14,10,A32,A46,727,A63,A75,4,A93,A101,4,A124,46,A143,A153,1,A173,1,A192,A201,1
0356,A12,24,A32,A40,1246,A61,A72,4,A93,A101,2,A121,23,A142,A152,1,A172,1,A191,A201,2
0357,A14,12,A34,A43,2331,A65,A75,1,A93,A102,4,A121,49,A143,A152,1,A173,1,A192,A201,1
0358,A14,36,A33,A43,4463,A61,A73,4,A93,A101,2,A123,26,A143,A152,2,A174,1,A192,A201,2
0359,A14,12,A32,A43,776,A61,A73,4,A94,A101,2,A121,28,A143,A152,1,A173,1,A191,A201,1
0360,A11,30,A32,A42,2406,A61,A74,4,A92,A101,4,A121,23,A143,A151,1,A173,1,A191,A201,2
0361,A12,18,A32,A46,1239,A65,A73,4,A93,A101,4,A124,61,A143,A153,1,A173,1,A191,A201,1
0362,A13,12,A32,A43,3399,A65,A75,2,A93,A101,3,A123,37,A143,A152,1,A174,1,A191,A201,1
0363,A13,12,A33,A40,2247,A61,A73,2,A92,A101,2,A123,36,A142,A152,2,A173,1,A192,A201,1
0364,A14,6,A32,A42,1766,A61,A73,1,A94,A101,2,A122,21,A143,A151,1,A173,1,A191,A201,1
0365,A11,18,A32,A42,2473,A61,A71,4,A93,A101,1,A123,25,A143,A152,1,A171,1,A191,A201,2
0366,A14,12,A32,A49,1542,A61,A74,2,A93,A101,4,A123,36,A143,A152,1,A173,1,A192,A201,1
0367,A14,18,A34,A41,3850,A61,A74,3,A93,A101,1,A123,27,A143,A152,2,A173,1,A191,A201,1
0368,A11,18,A32,A42,3650,A61,A72,1,A92,A101,4,A123,22,A143,A151,1,A173,1,A191,A201,1
0369,A11,36,A32,A42,3446,A61,A75,4,A93,A101,2,A123,42,A143,A152,1,A173,2,A191,A201,2
0370,A12,18,A32,A42,3001,A61,A74,2,A92,A101,4,A121,40,A143,A151,1,A173,1,A191,A201,1
0371,A14,36,A32,A40,3079,A65,A73,4,A93,A101,4,A121,36,A143,A152,1,A173,1,A191,A201,1
0372,A14,18,A34,A43,6070,A61,A75,3,A93,A101,4,A123,33,A143,A152,2,A173,1,A192,A201,1
0373,A14,10,A34,A42,2146,A61,A72,1,A92,A101,3,A121,23,A143,A151,2,A173,1,A191,A201,1
0374,A14,60,A34,A40,13756,A65,A75,2,A93,A101,4,A124,63,A141,A153,1,A174,1,A192,A201,1
0375,A12,60,A31,A410,14782,A62,A75,3,A92,A101,4,A124,60,A141,A153,2,A174,1,A192,A201,2
0376,A11,48,A31,A49,7685,A61,A74,2,A92,A103,4,A123,37,A143,A151,1,A173,1,A191,A201,2
0377,A14,18,A33,A43,2320,A61,A71,2,A94,A101,3,A121,34,A143,A152,2,A173,1,A191,A201,1
0378,A14,7,A33,A43,846,A65,A75,3,A93,A101,4,A124,36,A143,A153,1,A173,1,A191,A201,1
0379,A12,36,A32,A40,14318,A61,A75,4,A93,A101,2,A124,57,A143,A153,1,A174,1,A192,A201,2
0380,A14,6,A34,A40,362,A62,A73,4,A92,A101,4,A123,52,A143,A152,2,A172,1,A191,A201,1
0381,A11,20,A32,A42,2212,A65,A74,4,A93,A101,4,A123,39,A143,A152,1,A173,1,A192,A201,1
0382,A12,18,A32,A41,12976,A61,A71,3,A92,A101,4,A124,38,A143,A153,1,A174,1,A192,A201,2
0383,A14,22,A32,A40,1283,A65,A74,4,A92,A101,4,A122,25,A143,A151,1,A173,1,A191,A201,1
0384,A13,12,A32,A40,1330,A61,A72,4,A93,A101,1,A121,26,A143,A152,1,A173,1,A191,A201,1
0385,A14,30,A33,A49,4272,A62,A73,2,A93,A101,2,A122,26,A143,A152,2,A172,1,A191,A201,1
0386,A14,18,A34,A43,2238,A61,A73,2,A92,A101,1,A123,25,A143,A152,2,A173,1,A191,A201,1
0387,A14,18,A32,A43,1126,A65,A72,4,A92,A101,2,A121,21,A143,A151,1,A173,1,A192,A201,1
0388,A12,18,A34,A42,7374,A61,A71,4,A93,A101,4,A122,40,A142,A152,2,A174,1,A192,A201,1
0389,A12,15,A34,A49,2326,A63,A73,2,A93,A101,4,A123,27,A141,A152,1,A173,1,A191,A201,1
0390,A14,9,A32,A49,1449,A61,A74,3,A92,A101,2,A123,27,A143,A152,2,A173,1,A191,A201,1
0391,A14,18,A32,A40,1820,A61,A73,2,A94,A101,2,A122,30,A143,A152,1,A174,1,A192,A201,1
0392,A12,12,A32,A42,983,A64,A72,1,A92,A101,4,A121,19,A143,A151,1,A172,1,A191,A201,1
0393,A11,36,A32,A40,3249,A61,A74,2,A93,A101,4,A124,39,A141,A153,1,A174,2,A192,A201,1
0394,A11,6,A34,A43,1957,A61,A74,1,A92,A101,4,A123,31,A143,A152,1,A173,1,A191,A201,1
0395,A14,9,A34,A42,2406,A61,A71,2,A93,A101,3,A123,31,A143,A152,1,A174,1,A191,A201,1
0396,A12,39,A33,A46,11760,A62,A74,2,A93,A101,3,A124,32,A143,A151,1,A173,1,A192,A201,1
0397,A11,12,A32,A42,2578,A61,A71,3,A92,A101,4,A124,55,A143,A153,1,A174,1,A191,A201,1
0398,A11,36,A34,A42,2348,A61,A73,3,A94,A101,2,A122,46,A143,A152,2,A173,1,A192,A201,1
0399,A12,12,A32,A40,1223,A61,A75,1,A91,A101,1,A121,46,A143,A151,2,A173,1,A191,A201,2
0400,A14,24,A34,A43,1516,A64,A73,4,A92,A101,1,A121,43,A143,A152,2,A172,1,A191,A201,1
0401,A14,18,A32,A43,1473,A61,A72,3,A94,A101,4,A121,39,A143,A152,1,A173,1,A192,A201,1
0402,A12,18,A34,A49,1887,A65,A73,4,A94,A101,4,A121,28,A141,A152,2,A173,1,A191,A201,1
0403,A14,24,A33,A49,8648,A61,A72,2,A93,A101,2,A123,27,A141,A152,2,A173,1,A192,A201,2
0404,A14,14,A33,A40,802,A61,A73,4,A93,A101,2,A123,27,A143,A152,2,A172,1,A191,A201,1
0405,A12,18,A33,A40,2899,A65,A75,4,A93,A101,4,A123,43,A143,A152,1,A173,2,A191,A201,1
0406,A12,24,A32,A43,2039,A61,A72,1,A94,A101,1,A122,22,A143,A152,1,A173,1,A192,A201,2
0407,A14,24,A34,A41,2197,A65,A74,4,A93,A101,4,A123,43,A143,A152,2,A173,2,A192,A201,1
0408,A11,15,A32,A43,1053,A61,A72,4,A94,A101,2,A121,27,A143,A152,1,A173,1,A191,A202,1
0409,A14,24,A32,A43,3235,A63,A75,3,A91,A101,2,A123,26,A143,A152,1,A174,1,A192,A201,1
0410,A13,12,A34,A40,939,A63,A74,4,A94,A101,2,A121,28,A143,A152,3,A173,1,A192,A201,2
0411,A12,24,A32,A43,1967,A61,A75,4,A92,A101,4,A123,20,A143,A152,1,A173,1,A192,A201,1
0412,A14,33,A34,A41,7253,A61,A74,3,A93,A101,2,A123,35,A143,A152,2,A174,1,A192,A201,1
0413,A14,12,A34,A49,2292,A61,A71,4,A93,A101,2,A123,42,A142,A152,2,A174,1,A192,A201,2
0414,A14,10,A32,A40,1597,A63,A73,3,A93,A101,2,A124,40,A143,A151,1,A172,2,A191,A202,1
0415,A11,24,A32,A40,1381,A65,A73,4,A92,A101,2,A122,35,A143,A152,1,A173,1,A191,A201,2
0416,A14,36,A34,A41,5842,A61,A75,2,A93,A101,2,A122,35,A143,A152,2,A173,2,A192,A201,1
0417,A11,12,A32,A40,2579,A61,A72,4,A93,A101,1,A121,33,A143,A152,1,A172,2,A191,A201,2
0418,A11,18,A33,A46,8471,A65,A73,1,A92,A101,2,A123,23,A143,A151,2,A173,1,A192,A201,1
0419,A14,21,A32,A40,2782,A63,A74,1,A92,A101,2,A123,31,A141,A152,1,A174,1,A191,A201,1
0420,A12,18,A32,A40,1042,A65,A73,4,A92,A101,2,A122,33,A143,A152,1,A173,1,A191,A201,2
0421,A14,15,A32,A40,3186,A64,A74,2,A92,A101,3,A123,20,A143,A151,1,A173,1,A191,A201,1
0422,A12,12,A32,A41,2028,A65,A73,4,A93,A101,2,A123,30,A143,A152,1,A173,1,A191,A201,1
0423,A12,12,A34,A40,958,A61,A74,2,A93,A101,3,A121,47,A143,A152,2,A172,2,A191,A201,1
0424,A14,21,A33,A42,1591,A62,A74,4,A93,A101,3,A121,34,A143,A152,2,A174,1,A191,A201,1
0425,A12,12,A32,A42,2762,A65,A75,1,A92,A101,2,A122,25,A141,A152,1,A173,1,A192,A201,2
0426,A12,18,A32,A41,2779,A61,A73,1,A94,A101,3,A123,21,A143,A151,1,A173,1,A192,A201,1
0427,A14,28,A34,A43,2743,A61,A75,4,A93,A101,2,A123,29,A143,A152,2,A173,1,A191,A201,1
0428,A14,18,A34,A43,1149,A64,A73,4,A93,A101,3,A121,46,A143,A152,2,A173,1,A191,A201,1
0429,A14,9,A32,A42,1313,A61,A75,1,A93,A101,4,A123,20,A143,A152,1,A173,1,A191,A201,1
0430,A11,18,A34,A45,1190,A61,A71,2,A92,A101,4,A124,55,A143,A153,3,A171,2,A191,A201,2
0431,A14,5,A32,A49,3448,A61,A74,1,A93,A101,4,A121,74,A143,A152,1,A172,1,A191,A201,1
0432,A12,24,A32,A410,11328,A61,A73,2,A93,A102,3,A123,29,A141,A152,2,A174,1,A192,A201,2
0433,A11,6,A34,A42,1872,A61,A71,4,A93,A101,4,A124,36,A143,A153,3,A174,1,A192,A201,1
0434,A14,24,A34,A45,2058,A61,A73,4,A91,A101,2,A121,33,A143,A152,2,A173,1,A192,A201,1
0435,A11,9,A32,A42,2136,A61,A73,3,A93,A101,2,A121,25,A143,A152,1,A173,1,A191,A201,1
0436,A12,12,A32,A43,1484,A65,A73,2,A94,A101,1,A121,25,A143,A152,1,A173,1,A192,A201,2
0437,A14,6,A32,A45,660,A63,A74,2,A94,A101,4,A121,23,A143,A151,1,A172,1,A191,A201,1
0438,A14,24,A34,A40,1287,A64,A75,4,A92,A101,4,A121,37,A143,A152,2,A173,1,A192,A201,1
0439,A11,42,A34,A45,3394,A61,A71,4,A93,A102,4,A123,65,A143,A152,2,A171,1,A191,A201,1
0440,A13,12,A31,A49,609,A61,A72,4,A92,A101,1,A121,26,A143,A152,1,A171,1,A191,A201,2
0441,A14,12,A32,A40,1884,A61,A75,4,A93,A101,4,A123,39,A143,A152,1,A174,1,A192,A201,1
0442,A11,12,A32,A42,1620,A61,A73,2,A92,A102,3,A122,30,A143,A152,1,A173,1,A191,A201,1
0443,A12,20,A33,A410,2629,A61,A73,2,A93,A101,3,A123,29,A141,A152,2,A173,1,A192,A201,1
0444,A14,12,A32,A46,719,A61,A75,4,A93,A101,4,A123,41,A141,A152,1,A172,2,A191,A201,2
0445,A12,48,A34,A42,5096,A61,A73,2,A92,A101,3,A123,30,A143,A152,1,A174,1,A192,A201,2
0446,A14,9,A34,A46,1244,A65,A75,4,A92,A101,4,A122,41,A143,A151,2,A172,1,A191,A201,1
0447,A11,36,A32,A40,1842,A61,A72,4,A92,A101,4,A123,34,A143,A152,1,A173,1,A192,A201,2
0448,A12,7,A32,A43,2576,A61,A73,2,A93,A103,2,A121,35,A143,A152,1,A173,1,A191,A201,1
0449,A13,12,A32,A42,1424,A65,A75,3,A92,A101,4,A121,55,A143,A152,1,A174,1,A192,A201,1
0450,A12,15,A33,A45,1512,A64,A73,3,A94,A101,3,A122,61,A142,A152,2,A173,1,A191,A201,2
0451,A14,36,A34,A41,11054,A65,A73,4,A93,A101,2,A123,30,A143,A152,1,A174,1,A192,A201,1
0452,A14,6,A32,A43,518,A61,A73,3,A92,A101,1,A121,29,A143,A152,1,A173,1,A191,A201,1
0453,A14,12,A30,A42,2759,A61,A75,2,A93,A101,4,A122,34,A143,A152,2,A173,1,A191,A201,1
0454,A14,24,A32,A41,2670,A61,A75,4,A93,A101,4,A123,35,A143,A152,1,A174,1,A192,A201,1
0455,A11,24,A32,A40,4817,A61,A74,2,A93,A102,3,A122,31,A143,A152,1,A173,1,A192,A201,2
0456,A14,24,A32,A41,2679,A61,A72,4,A92,A101,1,A124,29,A143,A152,1,A174,1,A192,A201,1
0457,A11,11,A34,A40,3905,A61,A73,2,A93,A101,2,A121,36,A143,A151,2,A173,2,A191,A201,1
0458,A11,12,A32,A41,3386,A61,A75,3,A93,A101,4,A124,35,A143,A153,1,A173,1,A192,A201,2
0459,A11,6,A32,A44,343,A61,A72,4,A92,A101,1,A121,27,A143,A152,1,A173,1,A191,A201,1
0460,A14,18,A32,A43,4594,A61,A72,3,A93,A101,2,A123,32,A143,A152,1,A173,1,A192,A201,1
0461,A11,36,A32,A42,3620,A61,A73,1,A93,A103,2,A122,37,A143,A152,1,A173,2,A191,A201,1
0462,A11,15,A32,A40,1721,A61,A72,2,A93,A101,3,A121,36,A143,A152,1,A173,1,A191,A201,1
0463,A12,12,A32,A42,3017,A61,A72,3,A92,A101,1,A121,34,A143,A151,1,A174,1,A191,A201,1
0464,A12,12,A32,A48,754,A65,A75,4,A93,A101,4,A122,38,A143,A152,2,A173,1,A191,A201,1
0465,A14,18,A32,A49,1950,A61,A74,4,A93,A101,1,A123,34,A142,A152,2,A173,1,A192,A201,1
0466,A11,24,A32,A41,2924,A61,A73,3,A93,A103,4,A124,63,A141,A152,1,A173,2,A192,A201,1
0467,A11,24,A33,A43,1659,A61,A72,4,A92,A101,2,A123,29,A143,A151,1,A172,1,A192,A201,2
0468,A14,48,A33,A43,7238,A65,A75,3,A93,A101,3,A123,32,A141,A152,2,A173,2,A191,A201,1
0469,A14,33,A33,A49,2764,A61,A73,2,A92,A101,2,A123,26,A143,A152,2,A173,1,A192,A201,1
0470,A14,24,A33,A41,4679,A61,A74,3,A93,A101,3,A123,35,A143,A152,2,A172,1,A192,A201,1
0471,A12,24,A32,A43,3092,A62,A72,3,A94,A101,2,A123,22,A143,A151,1,A173,1,A192,A201,2
0472,A11,6,A32,A46,448,A61,A72,4,A92,A101,4,A122,23,A143,A152,1,A173,1,A191,A201,2
0473,A11,9,A32,A40,654,A61,A73,4,A93,A101,3,A123,28,A143,A152,1,A172,1,A191,A201,2
0474,A14,6,A32,A48,1238,A65,A71,4,A93,A101,4,A122,36,A143,A152,1,A174,2,A192,A201,1
0475,A12,18,A34,A43,1245,A61,A73,4,A94,A101,2,A123,33,A143,A152,1,A173,1,A191,A201,2
0476,A11,18,A30,A42,3114,A61,A72,1,A92,A101,4,A122,26,A143,A151,1,A173,1,A191,A201,2
0477,A14,39,A32,A41,2569,A63,A73,4,A93,A101,4,A123,24,A143,A152,1,A173,1,A191,A201,1
0478,A13,24,A32,A43,5152,A61,A74,4,A93,A101,2,A123,25,A141,A152,1,A173,1,A191,A201,1
0479,A12,12,A32,A49,1037,A62,A74,3,A93,A101,4,A121,39,A143,A152,1,A172,1,A191,A201,1
0480,A11,15,A34,A42,1478,A61,A75,4,A93,A101,4,A123,44,A143,A152,2,A173,2,A192,A201,1
0481,A12,12,A34,A43,3573,A61,A73,1,A92,A101,1,A121,23,A143,A152,1,A172,1,A191,A201,1
0482,A12,24,A32,A40,1201,A61,A72,4,A93,A101,1,A122,26,A143,A152,1,A173,1,A191,A201,1
0483,A11,30,A32,A42,3622,A64,A75,4,A92,A101,4,A122,57,A143,A151,2,A173,1,A192,A201,1
0484,A14,15,A33,A42,960,A64,A74,3,A92,A101,2,A122,30,A143,A152,2,A173,1,A191,A201,1
0485,A14,12,A34,A40,1163,A63,A73,4,A93,A101,4,A121,44,A143,A152,1,A173,1,A192,A201,1
0486,A12,6,A33,A40,1209,A61,A71,4,A93,A101,4,A122,47,A143,A152,1,A174,1,A192,A201,2
0487,A14,12,A32,A43,3077,A61,A73,2,A93,A101,4,A123,52,A143,A152,1,A173,1,A192,A201,1
0488,A14,24,A32,A40,3757,A61,A75,4,A92,A102,4,A124,62,A143,A153,1,A173,1,A192,A201,1
0489,A14,10,A32,A40,1418,A62,A73,3,A93,A101,2,A121,35,A143,A151,1,A172,1,A191,A202,1
0490,A14,6,A32,A40,3518,A61,A73,2,A93,A103,3,A122,26,A143,A151,1,A173,1,A191,A201,1
0491,A14,12,A34,A43,1934,A61,A75,2,A93,A101,2,A124,26,A143,A152,2,A173,1,A191,A201,1
0492,A12,27,A30,A49,8318,A61,A75,2,A92,A101,4,A124,42,A143,A153,2,A174,1,A192,A201,2
0493,A14,6,A34,A43,1237,A62,A73,1,A92,A101,1,A122,27,A143,A152,2,A173,1,A191,A201,1
0494,A12,6,A32,A43,368,A65,A75,4,A93,A101,4,A122,38,A143,A152,1,A173,1,A191,A201,1
0495,A11,12,A34,A40,2122,A61,A73,3,A93,A101,2,A121,39,A143,A151,2,A172,2,A191,A202,1
0496,A11,24,A32,A42,2996,A65,A73,2,A94,A101,4,A123,20,A143,A152,1,A173,1,A191,A201,2
0497,A12,36,A32,A42,9034,A62,A72,4,A93,A102,1,A124,29,A143,A151,1,A174,1,A192,A201,2
0498,A14,24,A34,A42,1585,A61,A74,4,A93,A101,3,A122,40,A143,A152,2,A173,1,A191,A201,1
0499,A12,18,A32,A43,1301,A61,A75,4,A94,A103,2,A121,32,A143,A152,1,A172,1,A191,A201,1
0500,A13,6,A34,A40,1323,A62,A75,2,A91,A101,4,A123,28,A143,A152,2,A173,2,A192,A201,1
0501,A11,24,A32,A40,3123,A61,A72,4,A92,A101,1,A122,27,A143,A152,1,A173,1,A191,A201,2
0502,A11,36,A32,A41,5493,A61,A75,2,A93,A101,4,A124,42,A143,A153,1,A173,2,A191,A201,1
0503,A13,9,A32,A43,1126,A62,A75,2,A91,A101,4,A121,49,A143,A152,1,A173,1,A191,A201,1
0504,A12,24,A34,A43,1216,A62,A72,4,A93,A101,4,A124,38,A141,A152,2,A173,2,A191,A201,2
0505,A11,24,A32,A40,1207,A61,A72,4,A92,A101,4,A122,24,A143,A151,1,A173,1,A191,A201,2
0506,A14,10,A32,A40,1309,A65,A73,4,A93,A103,4,A122,27,A143,A152,1,A172,1,A191,A201,2
0507,A13,15,A34,A41,2360,A63,A73,2,A93,A101,2,A123,36,A143,A152,1,A173,1,A192,A201,1
0508,A12,15,A31,A40,6850,A62,A71,1,A93,A101,2,A122,34,A143,A152,1,A174,2,A192,A201,2
0509,A14,24,A32,A43,1413,A61,A73,4,A94,A101,2,A122,28,A143,A152,1,A173,1,A191,A201,1
0510,A14,39,A32,A41,8588,A62,A75,4,A93,A101,2,A123,45,A143,A152,1,A174,1,A192,A201,1
0511,A11,12,A32,A40,759,A61,A74,4,A93,A101,2,A121,26,A143,A152,1,A173,1,A191,A201,2
0512,A14,36,A32,A41,4686,A61,A73,2,A93,A101,2,A124,32,A143,A153,1,A174,1,A192,A201,1
0513,A13,15,A32,A49,2687,A61,A74,2,A93,A101,4,A122,26,A143,A151,1,A173,1,A192,A201,1
0514,A12,12,A33,A43,585,A61,A73,4,A94,A102,4,A121,20,A143,A151,2,A173,1,A191,A201,1
0515,A14,24,A32,A40,2255,A65,A72,4,A93,A101,1,A122,54,A143,A152,1,A173,1,A191,A201,1
0516,A11,6,A34,A40,609,A61,A74,4,A92,A101,3,A122,37,A143,A152,2,A173,1,A191,A202,1
0517,A11,6,A34,A40,1361,A61,A72,2,A93,A101,4,A121,40,A143,A152,1,A172,2,A191,A202,1
0518,A14,36,A34,A42,7127,A61,A72,2,A92,A101,4,A122,23,A143,A151,2,A173,1,A192,A201,2
0519,A11,6,A32,A40,1203,A62,A75,3,A93,A101,2,A122,43,A143,A152,1,A173,1,A192,A201,1
0520,A14,6,A34,A43,700,A65,A75,4,A93,A101,4,A124,36,A143,A153,2,A173,1,A191,A201,1
0521,A14,24,A34,A45,5507,A61,A75,3,A93,A101,4,A124,44,A143,A153,2,A173,1,A191,A201,1
0522,A11,18,A32,A43,3190,A61,A73,2,A92,A101,2,A121,24,A143,A152,1,A173,1,A191,A201,2
0523,A11,48,A30,A42,7119,A61,A73,3,A93,A101,4,A124,53,A143,A153,2,A173,2,A191,A201,2
0524,A14,24,A32,A41,3488,A62,A74,3,A92,A101,4,A123,23,A143,A152,1,A173,1,A191,A201,1
0525,A12,18,A32,A43,1113,A61,A73,4,A92,A103,4,A121,26,A143,A152,1,A172,2,A191,A201,1
0526,A12,26,A32,A41,7966,A61,A72,2,A93,A101,3,A123,30,A143,A152,2,A173,1,A191,A201,1
0527,A14,15,A34,A46,1532,A62,A73,4,A92,A101,3,A123,31,A143,A152,1,A173,1,A191,A201,1
0528,A14,4,A34,A43,1503,A61,A74,2,A93,A101,1,A121,42,A143,A152,2,A172,2,A191,A201,1
0529,A11,36,A32,A43,2302,A61,A73,4,A91,A101,4,A123,31,A143,A151,1,A173,1,A191,A201,2
0530,A11,6,A32,A40,662,A61,A72,3,A93,A101,4,A121,41,A143,A152,1,A172,2,A192,A201,1
0531,A12,36,A32,A46,2273,A61,A74,3,A93,A101,1,A123,32,A143,A152,2,A173,2,A191,A201,1
0532,A12,15,A32,A40,2631,A62,A73,2,A92,A101,4,A123,28,A143,A151,2,A173,1,A192,A201,2
0533,A14,12,A33,A41,1503,A61,A73,4,A94,A101,4,A121,41,A143,A151,1,A173,1,A191,A201,1
0534,A14,24,A32,A43,1311,A62,A74,4,A94,A101,3,A122,26,A143,A152,1,A173,1,A192,A201,1
0535,A14,24,A32,A43,3105,A65,A72,4,A93,A101,2,A123,25,A143,A152,2,A173,1,A191,A201,1
0536,A13,21,A34,A46,2319,A61,A72,2,A91,A101,1,A123,33,A143,A151,1,A173,1,A191,A201,2
0537,A11,6,A32,A40,1374,A65,A71,4,A92,A101,3,A122,75,A143,A152,1,A174,1,A192,A201,1
0538,A12,18,A34,A42,3612,A61,A75,3,A92,A101,4,A122,37,A143,A152,1,A173,1,A192,A201,1
0539,A11,48,A32,A40,7763,A61,A75,4,A93,A101,4,A124,42,A141,A153,1,A174,1,A191,A201,2
0540,A13,18,A32,A42,3049,A61,A72,1,A92,A101,1,A122,45,A142,A152,1,A172,1,A191,A201,1
0541,A12,12,A32,A43,1534,A61,A72,1,A94,A101,1,A121,23,A143,A151,1,A173,1,A191,A201,2
0542,A14,24,A33,A40,2032,A61,A75,4,A93,A101,4,A124,60,A143,A153,2,A173,1,A192,A201,1
0543,A11,30,A32,A42,6350,A65,A75,4,A93,A101,4,A122,31,A143,A152,1,A173,1,A191,A201,2
0544,A13,18,A32,A42,2864,A61,A73,2,A93,A101,1,A121,34,A143,A152,1,A172,2,A191,A201,2
0545,A14,12,A34,A40,1255,A61,A75,4,A93,A101,4,A121,61,A143,A152,2,A172,1,A191,A201,1
0546,A11,24,A33,A40,1333,A61,A71,4,A93,A101,2,A121,43,A143,A153,2,A173,2,A191,A201,2
0547,A14,24,A34,A40,2022,A61,A73,4,A92,A101,4,A123,37,A143,A152,1,A173,1,A192,A201,1
0548,A14,24,A32,A43,1552,A61,A74,3,A93,A101,1,A123,32,A141,A152,1,A173,2,A191,A201,1
0549,A11,12,A31,A43,626,A61,A73,4,A92,A101,4,A121,24,A141,A152,1,A172,1,A191,A201,2
0550,A14,48,A34,A41,8858,A65,A74,2,A93,A101,1,A124,35,A143,A153,2,A173,1,A192,A201,1
0551,A14,12,A34,A45,996,A65,A74,4,A92,A101,4,A121,23,A143,A152,2,A173,1,A191,A201,1
0552,A14,6,A31,A43,1750,A63,A75,2,A93,A101,4,A122,45,A141,A152,1,A172,2,A191,A201,1
0553,A11,48,A32,A43,6999,A61,A74,1,A94,A103,1,A121,34,A143,A152,2,A173,1,A192,A201,2
0554,A12,12,A34,A40,1995,A62,A72,4,A93,A101,1,A123,27,A143,A152,1,A173,1,A191,A201,1
0555,A12,9,A32,A46,1199,A61,A74,4,A92,A101,4,A122,67,A143,A152,2,A174,1,A192,A201,1
0556,A12,12,A32,A43,1331,A61,A72,2,A93,A101,1,A123,22,A142,A152,1,A173,1,A191,A201,2
0557,A12,18,A30,A40,2278,A62,A72,3,A92,A101,3,A123,28,A143,A152,2,A173,1,A191,A201,2
0558,A14,21,A30,A40,5003,A65,A73,1,A92,A101,4,A122,29,A141,A152,2,A173,1,A192,A201,2
0559,A11,24,A31,A42,3552,A61,A74,3,A93,A101,4,A123,27,A141,A152,1,A173,1,A191,A201,2
0560,A12,18,A34,A42,1928,A61,A72,2,A93,A101,2,A121,31,A143,A152,2,A172,1,A191,A201,2
0561,A11,24,A32,A41,2964,A65,A75,4,A93,A101,4,A124,49,A141,A153,1,A173,2,A192,A201,1
0562,A11,24,A31,A43,1546,A61,A74,4,A93,A103,4,A123,24,A141,A151,1,A172,1,A191,A201,2
0563,A13,6,A33,A43,683,A61,A72,2,A92,A101,1,A122,29,A141,A152,1,A173,1,A191,A201,1
0564,A12,36,A32,A40,12389,A65,A73,1,A93,A101,4,A124,37,A143,A153,1,A173,1,A192,A201,2
0565,A12,24,A33,A49,4712,A65,A73,4,A93,A101,2,A122,37,A141,A152,2,A174,1,A192,A201,1
0566,A12,24,A33,A43,1553,A62,A74,3,A92,A101,2,A122,23,A143,A151,2,A173,1,A192,A201,1
0567,A11,12,A32,A40,1372,A61,A74,2,A91,A101,3,A123,36,A143,A152,1,A173,1,A191,A201,2
0568,A14,24,A34,A43,2578,A64,A75,2,A93,A101,2,A123,34,A143,A152,1,A173,1,A191,A201,1
0569,A12,48,A32,A43,3979,A65,A74,4,A93,A101,1,A123,41,A143,A152,2,A173,2,A192,A201,1
0570,A11,48,A32,A43,6758,A61,A73,3,A92,A101,2,A123,31,A143,A152,1,A173,1,A192,A201,2
0571,A11,24,A32,A42,3234,A61,A72,4,A92,A101,4,A121,23,A143,A151,1,A172,1,A192,A201,2
0572,A14,30,A34,A43,5954,A61,A74,3,A93,A102,2,A123,38,A143,A152,1,A173,1,A191,A201,1
0573,A14,24,A32,A41,5433,A65,A71,2,A92,A101,4,A122,26,A143,A151,1,A174,1,A192,A201,1
0574,A11,15,A32,A49,806,A61,A73,4,A92,A101,4,A122,22,A143,A152,1,A172,1,A191,A201,1
0575,A12,9,A32,A43,1082,A61,A75,4,A93,A101,4,A123,27,A143,A152,2,A172,1,A191,A201,1
0576,A14,15,A34,A42,2788,A61,A74,2,A92,A102,3,A123,24,A141,A152,2,A173,1,A191,A201,1
0577,A12,12,A32,A43,2930,A61,A74,2,A92,A101,1,A121,27,A143,A152,1,A173,1,A191,A201,1
0578,A14,24,A34,A46,1927,A65,A73,3,A92,A101,2,A123,33,A143,A152,2,A173,1,A192,A201,1
0579,A12,36,A34,A40,2820,A61,A72,4,A91,A101,4,A123,27,A143,A152,2,A173,1,A191,A201,2
0580,A14,24,A32,A48,937,A61,A72,4,A94,A101,3,A123,27,A143,A152,2,A172,1,A191,A201,1
0581,A12,18,A34,A40,1056,A61,A75,3,A93,A103,3,A121,30,A141,A152,2,A173,1,A191,A201,2
0582,A12,12,A34,A40,3124,A61,A72,1,A93,A101,3,A121,49,A141,A152,2,A172,2,A191,A201,1
0583,A14,9,A32,A42,1388,A61,A73,4,A92,A101,2,A121,26,A143,A151,1,A173,1,A191,A201,1
0584,A12,36,A32,A45,2384,A61,A72,4,A93,A101,1,A124,33,A143,A151,1,A172,1,A191,A201,2
0585,A14,12,A32,A40,2133,A65,A75,4,A92,A101,4,A124,52,A143,A153,1,A174,1,A192,A201,1
0586,A11,18,A32,A42,2039,A61,A73,1,A92,A101,4,A121,20,A141,A151,1,A173,1,A191,A201,2
0587,A11,9,A34,A40,2799,A61,A73,2,A93,A101,2,A121,36,A143,A151,2,A173,2,A191,A201,1
0588,A11,12,A32,A42,1289,A61,A73,4,A93,A103,1,A122,21,A143,A152,1,A172,1,A191,A201,1
0589,A11,18,A32,A44,1217,A61,A73,4,A94,A101,3,A121,47,A143,A152,1,A172,1,A192,A201,2
0590,A11,12,A34,A42,2246,A61,A75,3,A93,A101,3,A122,60,A143,A152,2,A173,1,A191,A201,2
0591,A11,12,A34,A43,385,A61,A74,4,A92,A101,3,A121,58,A143,A152,4,A172,1,A192,A201,1
0592,A12,24,A33,A40,1965,A65,A73,4,A92,A101,4,A123,42,A143,A151,2,A173,1,A192,A201,1
0593,A14,21,A32,A49,1572,A64,A75,4,A92,A101,4,A121,36,A141,A152,1,A172,1,A191,A201,1
0594,A12,24,A32,A40,2718,A61,A73,3,A92,A101,4,A122,20,A143,A151,1,A172,1,A192,A201,2
0595,A11,24,A31,A410,1358,A65,A75,4,A93,A101,3,A123,40,A142,A152,1,A174,1,A192,A201,2
0596,A12,6,A31,A40,931,A62,A72,1,A92,A101,1,A122,32,A142,A152,1,A172,1,A191,A201,2
0597,A11,24,A32,A40,1442,A61,A74,4,A92,A101,4,A123,23,A143,A151,2,A173,1,A191,A201,2
0598,A12,24,A30,A49,4241,A61,A73,1,A93,A101,4,A121,36,A143,A152,3,A172,1,A192,A201,2
0599,A14,18,A34,A40,2775,A61,A74,2,A93,A101,2,A122,31,A141,A152,2,A173,1,A191,A201,2
0600,A14,24,A33,A49,3863,A61,A73,1,A93,A101,2,A124,32,A143,A153,1,A173,1,A191,A201,1
0601,A12,7,A32,A43,2329,A61,A72,1,A92,A103,1,A121,45,A143,A152,1,A173,1,A191,A201,1
0602,A12,9,A32,A42,918,A61,A73,4,A92,A101,1,A122,30,A143,A152,1,A173,1,A191,A201,2
0603,A12,24,A31,A46,1837,A61,A74,4,A92,A101,4,A124,34,A141,A153,1,A172,1,A191,A201,2
0604,A14,36,A32,A42,3349,A61,A73,4,A92,A101,2,A123,28,A143,A152,1,A174,1,A192,A201,2
0605,A13,10,A32,A42,1275,A61,A72,4,A92,A101,2,A122,23,A143,A152,1,A173,1,A191,A201,1
0606,A11,24,A31,A42,2828,A63,A73,4,A93,A101,4,A121,22,A142,A152,1,A173,1,A192,A201,1
0607,A14,24,A34,A49,4526,A61,A73,3,A93,A101,2,A121,74,A143,A152,1,A174,1,A192,A201,1
0608,A12,36,A32,A43,2671,A62,A73,4,A92,A102,4,A124,50,A143,A153,1,A173,1,A191,A201,2
0609,A14,18,A32,A43,2051,A61,A72,4,A93,A101,1,A121,33,A143,A152,1,A173,1,A191,A201,1
0610,A14,15,A32,A41,1300,A65,A75,4,A93,A101,4,A124,45,A141,A153,1,A173,2,A191,A201,1
0611,A11,12,A32,A44,741,A62,A71,4,A92,A101,3,A122,22,A143,A152,1,A173,1,A191,A201,2
0612,A13,10,A32,A40,1240,A62,A75,1,A92,A101,4,A124,48,A143,A153,1,A172,2,A191,A201,2
0613,A11,21,A32,A43,3357,A64,A72,4,A92,A101,2,A123,29,A141,A152,1,A173,1,A191,A201,1
0614,A11,24,A31,A41,3632,A61,A73,1,A92,A103,4,A123,22,A141,A151,1,A173,1,A191,A202,1
0615,A14,18,A33,A42,1808,A61,A74,4,A92,A101,1,A121,22,A143,A152,1,A173,1,A191,A201,2
0616,A12,48,A30,A49,12204,A65,A73,2,A93,A101,2,A123,48,A141,A152,1,A174,1,A192,A201,1
0617,A12,60,A33,A43,9157,A65,A73,2,A93,A101,2,A124,27,A143,A153,1,A174,1,A191,A201,1
0618,A11,6,A34,A40,3676,A61,A73,1,A93,A101,3,A121,37,A143,A151,3,A173,2,A191,A201,1
0619,A12,30,A32,A42,3441,A62,A73,2,A92,A102,4,A123,21,A143,A151,1,A173,1,A191,A201,2
0620,A14,12,A32,A40,640,A61,A73,4,A91,A101,2,A121,49,A143,A152,1,A172,1,A191,A201,1
0621,A12,21,A34,A49,3652,A61,A74,2,A93,A101,3,A122,27,A143,A152,2,A173,1,A191,A201,1
0622,A14,18,A34,A40,1530,A61,A73,3,A93,A101,2,A122,32,A141,A152,2,A173,1,A191,A201,2
0623,A14,48,A32,A49,3914,A65,A73,4,A91,A101,2,A121,38,A141,A152,1,A173,1,A191,A201,2
0624,A11,12,A32,A42,1858,A61,A72,4,A92,A101,1,A123,22,A143,A151,1,A173,1,A191,A201,1
0625,A11,18,A32,A43,2600,A61,A73,4,A93,A101,4,A124,65,A143,A153,2,A173,1,A191,A201,2
0626,A14,15,A32,A43,1979,A65,A75,4,A93,A101,2,A123,35,A143,A152,1,A173,1,A191,A201,1
0627,A13,6,A32,A42,2116,A61,A73,2,A93,A101,2,A121,41,A143,A152,1,A173,1,A192,A201,1
0628,A12,9,A31,A40,1437,A62,A74,2,A93,A101,3,A124,29,A143,A152,1,A173,1,A191,A201,2
0629,A14,42,A34,A42,4042,A63,A73,4,A93,A101,4,A121,36,A143,A152,2,A173,1,A192,A201,1
0630,A14,9,A32,A46,3832,A65,A75,1,A93,A101,4,A121,64,A143,A152,1,A172,1,A191,A201,1
0631,A11,24,A32,A43,3660,A61,A73,2,A92,A101,4,A123,28,A143,A152,1,A173,1,A191,A201,1
0632,A11,18,A31,A42,1553,A61,A73,4,A93,A101,3,A123,44,A141,A152,1,A173,1,A191,A201,2
0633,A12,15,A32,A43,1444,A65,A72,4,A93,A101,1,A122,23,A143,A152,1,A173,1,A191,A201,1
0634,A14,9,A32,A42,1980,A61,A72,2,A92,A102,2,A123,19,A143,A151,2,A173,1,A191,A201,2
0635,A12,24,A32,A40,1355,A61,A72,3,A92,A101,4,A123,25,A143,A152,1,A172,1,A192,A201,2
0636,A14,12,A32,A46,1393,A61,A75,4,A93,A101,4,A122,47,A141,A152,3,A173,2,A192,A201,1
0637,A14,24,A32,A43,1376,A63,A74,4,A92,A101,1,A123,28,A143,A152,1,A173,1,A191,A201,1
0638,A14,60,A33,A43,15653,A61,A74,2,A93,A101,4,A123,21,A143,A152,2,A173,1,A192,A201,1
0639,A14,12,A32,A43,1493,A61,A72,4,A92,A101,3,A123,34,A143,A152,1,A173,2,A191,A201,1
0640,A11,42,A33,A43,4370,A61,A74,3,A93,A101,2,A122,26,A141,A152,2,A173,2,A192,A201,2
0641,A11,18,A32,A46,750,A61,A71,4,A92,A101,1,A121,27,A143,A152,1,A171,1,A191,A201,2
0642,A12,15,A32,A45,1308,A61,A75,4,A93,A101,4,A123,38,A143,A152,2,A172,1,A191,A201,1
0643,A14,15,A32,A46,4623,A62,A73,3,A93,A101,2,A122,40,A143,A152,1,A174,1,A192,A201,2
0644,A14,24,A34,A43,1851,A61,A74,4,A94,A103,2,A123,33,A143,A152,2,A173,1,A192,A201,1
0645,A11,18,A34,A43,1880,A61,A74,4,A94,A101,1,A122,32,A143,A152,2,A174,1,A192,A201,1
0646,A14,36,A33,A49,7980,A65,A72,4,A93,A101,4,A123,27,A143,A151,2,A173,1,A192,A201,2
0647,A11,30,A30,A42,4583,A61,A73,2,A91,A103,2,A121,32,A143,A152,2,A173,1,A191,A201,1
0648,A14,12,A32,A40,1386,A63,A73,2,A92,A101,2,A122,26,A143,A152,1,A173,1,A191,A201,2
0649,A13,24,A32,A40,947,A61,A74,4,A93,A101,3,A124,38,A141,A153,1,A173,2,A191,A201,2
0650,A11,12,A32,A46,684,A61,A73,4,A93,A101,4,A123,40,A143,A151,1,A172,2,A191,A201,2
0651,A11,48,A32,A46,7476,A61,A74,4,A93,A101,1,A124,50,A143,A153,1,A174,1,A192,A201,1
0652,A12,12,A32,A42,1922,A61,A73,4,A93,A101,2,A122,37,A143,A152,1,A172,1,A191,A201,2
0653,A11,24,A32,A40,2303,A61,A75,4,A93,A102,1,A121,45,A143,A152,1,A173,1,A191,A201,2
0654,A12,36,A33,A40,8086,A62,A75,2,A93,A101,4,A123,42,A143,A152,4,A174,1,A192,A201,2
0655,A14,24,A34,A41,2346,A61,A74,4,A93,A101,3,A123,35,A143,A152,2,A173,1,A192,A201,1
0656,A11,14,A32,A40,3973,A61,A71,1,A93,A101,4,A124,22,A143,A153,1,A173,1,A191,A201,1
0657,A12,12,A32,A40,888,A61,A75,4,A93,A101,4,A123,41,A141,A152,1,A172,2,A191,A201,2
0658,A14,48,A32,A43,10222,A65,A74,4,A93,A101,3,A123,37,A142,A152,1,A173,1,A192,A201,1
0659,A12,30,A30,A49,4221,A61,A73,2,A92,A101,1,A123,28,A143,A152,2,A173,1,A191,A201,1
0660,A12,18,A34,A42,6361,A61,A75,2,A93,A101,1,A124,41,A143,A152,1,A173,1,A192,A201,1
0661,A13,12,A32,A43,1297,A61,A73,3,A94,A101,4,A121,23,A143,A151,1,A173,1,A191,A201,1
0662,A11,12,A32,A40,900,A65,A73,4,A94,A101,2,A123,23,A143,A152,1,A173,1,A191,A201,2
0663,A14,21,A32,A42,2241,A61,A75,4,A93,A101,2,A121,50,A143,A152,2,A173,1,A191,A201,1
0664,A12,6,A33,A42,1050,A61,A71,4,A93,A101,1,A122,35,A142,A152,2,A174,1,A192,A201,1
0665,A13,6,A34,A46,1047,A61,A73,2,A92,A101,4,A122,50,A143,A152,1,A172,1,A191,A201,1
0666,A14,24,A34,A410,6314,A61,A71,4,A93,A102,2,A124,27,A141,A152,2,A174,1,A192,A201,1
0667,A12,30,A31,A42,3496,A64,A73,4,A93,A101,2,A123,34,A142,A152,1,A173,2,A192,A201,1
0668,A14,48,A31,A49,3609,A61,A73,1,A92,A101,1,A121,27,A142,A152,1,A173,1,A191,A201,1
0669,A11,12,A34,A40,4843,A61,A75,3,A93,A102,4,A122,43,A143,A151,2,A173,1,A192,A201,2
0670,A13,30,A34,A43,3017,A61,A75,4,A93,A101,4,A122,47,A143,A152,1,A173,1,A191,A201,1
0671,A14,24,A34,A49,4139,A62,A73,3,A93,A101,3,A122,27,A143,A152,2,A172,1,A192,A201,1
0672,A14,36,A32,A49,5742,A62,A74,2,A93,A101,2,A123,31,A143,A152,2,A173,1,A192,A201,1
0673,A14,60,A32,A40,10366,A61,A75,2,A93,A101,4,A122,42,A143,A152,1,A174,1,A192,A201,1
0674,A14,6,A34,A40,2080,A63,A73,1,A94,A101,2,A123,24,A143,A152,1,A173,1,A191,A201,1
0675,A14,21,A33,A49,2580,A63,A72,4,A93,A101,2,A121,41,A141,A152,1,A172,2,A191,A201,2
0676,A14,30,A34,A43,4530,A61,A74,4,A92,A101,4,A123,26,A143,A151,1,A174,1,A192,A201,1
0677,A14,24,A34,A42,5150,A61,A75,4,A93,A101,4,A123,33,A143,A152,1,A173,1,A192,A201,1
0678,A12,72,A32,A43,5595,A62,A73,2,A94,A101,2,A123,24,A143,A152,1,A173,1,A191,A201,2
0679,A11,24,A32,A43,2384,A61,A75,4,A93,A101,4,A121,64,A141,A151,1,A172,1,A191,A201,1
0680,A14,18,A32,A43,1453,A61,A72,3,A92,A101,1,A121,26,A143,A152,1,A173,1,A191,A201,1
0681,A14,6,A32,A46,1538,A61,A72,1,A92,A101,2,A124,56,A143,A152,1,A173,1,A191,A201,1
0682,A14,12,A32,A43,2279,A65,A73,4,A93,A101,4,A124,37,A143,A153,1,A173,1,A192,A201,1
0683,A14,15,A33,A43,1478,A61,A73,4,A94,A101,3,A121,33,A141,A152,2,A173,1,A191,A201,1
0684,A14,24,A34,A43,5103,A61,A72,3,A94,A101,3,A124,47,A143,A153,3,A173,1,A192,A201,1
0685,A12,36,A33,A49,9857,A62,A74,1,A93,A101,3,A122,31,A143,A152,2,A172,2,A192,A201,1
0686,A14,60,A32,A40,6527,A65,A73,4,A93,A101,4,A124,34,A143,A153,1,A173,2,A192,A201,1
0687,A13,10,A34,A43,1347,A65,A74,4,A93,A101,2,A122,27,A143,A152,2,A173,1,A192,A201,1
0688,A12,36,A33,A40,2862,A62,A75,4,A93,A101,3,A124,30,A143,A153,1,A173,1,A191,A201,1
0689,A14,9,A32,A43,2753,A62,A75,3,A93,A102,4,A123,35,A143,A152,1,A173,1,A192,A201,1
0690,A11,12,A32,A40,3651,A64,A73,1,A93,A101,3,A122,31,A143,A152,1,A173,2,A191,A201,1
0691,A11,15,A34,A42,975,A61,A73,2,A91,A101,3,A122,25,A143,A152,2,A173,1,A191,A201,1
0692,A12,15,A32,A45,2631,A62,A73,3,A92,A101,2,A121,25,A143,A152,1,A172,1,A191,A201,1
0693,A12,24,A32,A43,2896,A62,A72,2,A93,A101,1,A123,29,A143,A152,1,A173,1,A191,A201,1
0694,A11,6,A34,A40,4716,A65,A72,1,A93,A101,3,A121,44,A143,A152,2,A172,2,A191,A201,1
0695,A14,24,A32,A43,2284,A61,A74,4,A93,A101,2,A123,28,A143,A152,1,A173,1,A192,A201,1
0696,A14,6,A32,A41,1236,A63,A73,2,A93,A101,4,A122,50,A143,A151,1,A173,1,A191,A201,1
0697,A12,12,A32,A43,1103,A61,A74,4,A93,A103,3,A121,29,A143,A152,2,A173,1,A191,A202,1
0698,A14,12,A34,A40,926,A61,A71,1,A92,A101,2,A122,38,A143,A152,1,A171,1,A191,A201,1
0699,A14,18,A34,A43,1800,A61,A73,4,A93,A101,2,A123,24,A143,A152,2,A173,1,A191,A201,1
0700,A13,15,A32,A46,1905,A61,A75,4,A93,A101,4,A123,40,A143,A151,1,A174,1,A192,A201,1
0701,A14,12,A32,A42,1123,A63,A73,4,A92,A101,4,A123,29,A143,A151,1,A172,1,A191,A201,2
0702,A11,48,A34,A41,6331,A61,A75,4,A93,A101,4,A124,46,A143,A153,2,A173,1,A192,A201,2
0703,A13,24,A32,A43,1377,A62,A75,4,A92,A101,2,A124,47,A143,A153,1,A173,1,A192,A201,1
0704,A12,30,A33,A49,2503,A62,A75,4,A93,A101,2,A122,41,A142,A152,2,A173,1,A191,A201,1
0705,A12,27,A32,A49,2528,A61,A72,4,A92,A101,1,A122,32,A143,A152,1,A173,2,A192,A201,1
0706,A14,15,A32,A40,5324,A63,A75,1,A92,A101,4,A124,35,A143,A153,1,A173,1,A191,A201,1
0707,A12,48,A32,A40,6560,A62,A74,3,A93,A101,2,A122,24,A143,A152,1,A173,1,A191,A201,2
0708,A12,12,A30,A42,2969,A61,A72,4,A92,A101,3,A122,25,A143,A151,2,A173,1,A191,A201,2
0709,A12,9,A32,A43,1206,A61,A75,4,A92,A101,4,A121,25,A143,A152,1,A173,1,A191,A201,1
0710,A12,9,A32,A43,2118,A61,A73,2,A93,A101,2,A121,37,A143,A152,1,A172,2,A191,A201,1
0711,A14,18,A34,A43,629,A63,A75,4,A93,A101,3,A122,32,A141,A152,2,A174,1,A192,A201,1
0712,A11,6,A31,A46,1198,A61,A75,4,A92,A101,4,A124,35,A143,A153,1,A173,1,A191,A201,2
0713,A14,21,A32,A41,2476,A65,A75,4,A93,A101,4,A121,46,A143,A152,1,A174,1,A192,A201,1
0714,A11,9,A34,A43,1138,A61,A73,4,A93,A101,4,A121,25,A143,A152,2,A172,1,A191,A201,1
0715,A12,60,A32,A40,14027,A61,A74,4,A93,A101,2,A124,27,A143,A152,1,A174,1,A192,A201,2
0716,A14,30,A34,A41,7596,A65,A75,1,A93,A101,4,A123,63,A143,A152,2,A173,1,A191,A201,1
0717,A14,30,A34,A43,3077,A65,A75,3,A93,A101,2,A123,40,A143,A152,2,A173,2,A192,A201,1
0718,A14,18,A32,A43,1505,A61,A73,4,A93,A101,2,A124,32,A143,A153,1,A174,1,A192,A201,1
0719,A13,24,A34,A43,3148,A65,A73,3,A93,A101,2,A123,31,A143,A152,2,A173,1,A192,A201,1
0720,A12,20,A30,A41,6148,A62,A75,3,A94,A101,4,A123,31,A141,A152,2,A173,1,A192,A201,1
0721,A13,9,A30,A43,1337,A61,A72,4,A93,A101,2,A123,34,A143,A152,2,A174,1,A192,A201,2
0722,A12,6,A31,A46,433,A64,A72,4,A92,A101,2,A122,24,A141,A151,1,A173,2,A191,A201,2
0723,A11,12,A32,A40,1228,A61,A73,4,A92,A101,2,A121,24,A143,A152,1,A172,1,A191,A201,2
0724,A12,9,A32,A43,790,A63,A73,4,A92,A101,3,A121,66,A143,A152,1,A172,1,A191,A201,1
0725,A14,27,A32,A40,2570,A61,A73,3,A92,A101,3,A121,21,A143,A151,1,A173,1,A191,A201,2
0726,A14,6,A34,A40,250,A64,A73,2,A92,A101,2,A121,41,A141,A152,2,A172,1,A191,A201,1
0727,A14,15,A34,A43,1316,A63,A73,2,A94,A101,2,A122,47,A143,A152,2,A172,1,A191,A201,1
0728,A11,18,A32,A43,1882,A61,A73,4,A92,A101,4,A123,25,A141,A151,2,A173,1,A191,A201,2
0729,A12,48,A31,A49,6416,A61,A75,4,A92,A101,3,A124,59,A143,A151,1,A173,1,A191,A201,2
0730,A13,24,A34,A49,1275,A64,A73,2,A91,A101,4,A121,36,A143,A152,2,A173,1,A192,A201,1
0731,A12,24,A33,A43,6403,A61,A72,1,A93,A101,2,A123,33,A143,A152,1,A173,1,A191,A201,1
0732,A11,24,A32,A43,1987,A61,A73,2,A93,A101,4,A121,21,A143,A151,1,A172,2,A191,A201,2
0733,A12,8,A32,A43,760,A61,A74,4,A92,A103,2,A121,44,A143,A152,1,A172,1,A191,A201,1
0734,A14,24,A32,A41,2603,A64,A73,2,A92,A101,4,A123,28,A143,A151,1,A173,1,A192,A201,1
0735,A14,4,A34,A40,3380,A61,A74,1,A92,A101,1,A121,37,A143,A152,1,A173,2,A191,A201,1
0736,A12,36,A31,A44,3990,A65,A72,3,A92,A101,2,A124,29,A141,A152,1,A171,1,A191,A201,1
0737,A12,24,A32,A41,11560,A61,A73,1,A92,A101,4,A123,23,A143,A151,2,A174,1,A191,A201,2
0738,A11,18,A32,A40,4380,A62,A73,3,A93,A101,4,A123,35,A143,A152,1,A172,2,A192,A201,1
0739,A14,6,A34,A40,6761,A61,A74,1,A93,A101,3,A124,45,A143,A152,2,A174,2,A192,A201,1
0740,A12,30,A30,A49,4280,A62,A73,4,A92,A101,4,A123,26,A143,A151,2,A172,1,A191,A201,2
0741,A11,24,A31,A40,2325,A62,A74,2,A93,A101,3,A123,32,A141,A152,1,A173,1,A191,A201,1
0742,A12,10,A31,A43,1048,A61,A73,4,A93,A101,4,A121,23,A142,A152,1,A172,1,A191,A201,1
0743,A14,21,A32,A43,3160,A65,A75,4,A93,A101,3,A122,41,A143,A152,1,A173,1,A192,A201,1
0744,A11,24,A31,A42,2483,A63,A73,4,A93,A101,4,A121,22,A142,A152,1,A173,1,A192,A201,1
0745,A11,39,A34,A42,14179,A65,A74,4,A93,A101,4,A122,30,A143,A152,2,A174,1,A192,A201,1
0746,A11,13,A34,A49,1797,A61,A72,3,A93,A101,1,A122,28,A141,A152,2,A172,1,A191,A201,1
0747,A11,15,A32,A40,2511,A61,A71,1,A92,A101,4,A123,23,A143,A151,1,A173,1,A191,A201,1
0748,A11,12,A32,A40,1274,A61,A72,3,A92,A101,1,A121,37,A143,A152,1,A172,1,A191,A201,2
0749,A14,21,A32,A41,5248,A65,A73,1,A93,A101,3,A123,26,A143,A152,1,A173,1,A191,A201,1
0750,A14,15,A32,A41,3029,A61,A74,2,A93,A101,2,A123,33,A143,A152,1,A173,1,A191,A201,1
0751,A11,6,A32,A42,428,A61,A75,2,A92,A101,1,A122,49,A141,A152,1,A173,1,A192,A201,1
0752,A11,18,A32,A40,976,A61,A72,1,A92,A101,2,A123,23,A143,A152,1,A172,1,A191,A201,2
0753,A12,12,A32,A49,841,A62,A74,2,A92,A101,4,A121,23,A143,A151,1,A172,1,A191,A201,1
0754,A14,30,A34,A43,5771,A61,A74,4,A92,A101,2,A123,25,A143,A152,2,A173,1,A191,A201,1
0755,A14,12,A33,A45,1555,A64,A75,4,A93,A101,4,A124,55,A143,A153,2,A173,2,A191,A201,2
0756,A11,24,A32,A40,1285,A65,A74,4,A92,A101,4,A124,32,A143,A151,1,A173,1,A191,A201,2
0757,A13,6,A34,A40,1299,A61,A73,1,A93,A101,1,A121,74,A143,A152,3,A171,2,A191,A202,1
0758,A13,15,A34,A43,1271,A65,A73,3,A93,A101,4,A124,39,A143,A153,2,A173,1,A192,A201,2
0759,A14,24,A32,A40,1393,A61,A73,2,A93,A103,2,A121,31,A143,A152,1,A173,1,A192,A201,1
0760,A11,12,A34,A40,691,A61,A75,4,A93,A101,3,A122,35,A143,A152,2,A173,1,A191,A201,2
0761,A14,15,A34,A40,5045,A65,A75,1,A92,A101,4,A123,59,A143,A152,1,A173,1,A192,A201,1
0762,A11,18,A34,A42,2124,A61,A73,4,A92,A101,4,A121,24,A143,A151,2,A173,1,A191,A201,2
0763,A11,12,A32,A43,2214,A61,A73,4,A93,A101,3,A122,24,A143,A152,1,A172,1,A191,A201,1
0764,A14,21,A34,A40,12680,A65,A75,4,A93,A101,4,A124,30,A143,A153,1,A174,1,A192,A201,2
0765,A14,24,A34,A40,2463,A62,A74,4,A94,A101,3,A122,27,A143,A152,2,A173,1,A192,A201,1
0766,A12,12,A32,A43,1155,A61,A75,3,A94,A103,3,A121,40,A141,A152,2,A172,1,A191,A201,1
0767,A11,30,A32,A42,3108,A61,A72,2,A91,A101,4,A122,31,A143,A152,1,A172,1,A191,A201,2
0768,A14,10,A32,A41,2901,A65,A72,1,A92,A101,4,A121,31,A143,A151,1,A173,1,A191,A201,1
0769,A12,12,A34,A42,3617,A61,A75,1,A93,A101,4,A123,28,A143,A151,3,A173,1,A192,A201,1
0770,A14,12,A34,A43,1655,A61,A75,2,A93,A101,4,A121,63,A143,A152,2,A172,1,A192,A201,1
0771,A11,24,A32,A41,2812,A65,A75,2,A92,A101,4,A121,26,A143,A151,1,A173,1,A191,A201,1
0772,A11,36,A34,A46,8065,A61,A73,3,A92,A101,2,A124,25,A143,A152,2,A174,1,A192,A201,2
0773,A14,21,A34,A41,3275,A61,A75,1,A93,A101,4,A123,36,A143,A152,1,A174,1,A192,A201,1
0774,A14,24,A34,A43,2223,A62,A75,4,A93,A101,4,A122,52,A141,A152,2,A173,1,A191,A201,1
0775,A13,12,A34,A40,1480,A63,A71,2,A93,A101,4,A124,66,A141,A153,3,A171,1,A191,A201,1
0776,A11,24,A32,A40,1371,A65,A73,4,A92,A101,4,A121,25,A143,A151,1,A173,1,A191,A201,2
0777,A14,36,A34,A40,3535,A61,A74,4,A93,A101,4,A123,37,A143,A152,2,A173,1,A192,A201,1
0778,A11,18,A32,A43,3509,A61,A74,4,A92,A103,1,A121,25,A143,A152,1,A173,1,A191,A201,1
0779,A14,36,A34,A41,5711,A64,A75,4,A93,A101,2,A123,38,A143,A152,2,A174,1,A192,A201,1
0780,A12,18,A32,A45,3872,A61,A71,2,A92,A101,4,A123,67,A143,A152,1,A173,1,A192,A201,1
0781,A12,39,A34,A43,4933,A61,A74,2,A93,A103,2,A121,25,A143,A152,2,A173,1,A191,A201,2
0782,A14,24,A34,A40,1940,A64,A75,4,A93,A101,4,A121,60,A143,A152,1,A173,1,A192,A201,1
0783,A12,12,A30,A48,1410,A61,A73,2,A93,A101,2,A121,31,A143,A152,1,A172,1,A192,A201,1
0784,A12,12,A32,A40,836,A62,A72,4,A92,A101,2,A122,23,A141,A152,1,A172,1,A191,A201,2
0785,A12,20,A32,A41,6468,A65,A71,1,A91,A101,4,A121,60,A143,A152,1,A174,1,A192,A201,1
0786,A12,18,A32,A49,1941,A64,A73,4,A93,A101,2,A122,35,A143,A152,1,A172,1,A192,A201,1
0787,A14,22,A32,A43,2675,A63,A75,3,A93,A101,4,A123,40,A143,A152,1,A173,1,A191,A201,1
0788,A14,48,A34,A41,2751,A65,A75,4,A93,A101,3,A123,38,A143,A152,2,A173,2,A192,A201,1
0789,A12,48,A33,A46,6224,A61,A75,4,A93,A101,4,A124,50,A143,A153,1,A173,1,A191,A201,2
0790,A11,40,A34,A46,5998,A61,A73,4,A93,A101,3,A124,27,A141,A152,1,A173,1,A192,A201,2
0791,A12,21,A32,A49,1188,A61,A75,2,A92,A101,4,A122,39,A143,A152,1,A173,2,A191,A201,2
0792,A14,24,A32,A41,6313,A65,A75,3,A93,A101,4,A123,41,A143,A152,1,A174,2,A192,A201,1
0793,A14,6,A34,A42,1221,A65,A73,1,A94,A101,2,A122,27,A143,A152,2,A173,1,A191,A201,1
0794,A13,24,A32,A42,2892,A61,A75,3,A91,A101,4,A124,51,A143,A153,1,A173,1,A191,A201,1
0795,A14,24,A32,A42,3062,A63,A75,4,A93,A101,3,A124,32,A143,A151,1,A173,1,A192,A201,1
0796,A14,9,A32,A42,2301,A62,A72,2,A92,A101,4,A122,22,A143,A151,1,A173,1,A191,A201,1
0797,A11,18,A32,A41,7511,A65,A75,1,A93,A101,4,A122,51,A143,A153,1,A173,2,A192,A201,2
0798,A14,12,A34,A42,1258,A61,A72,2,A92,A101,4,A122,22,A143,A151,2,A172,1,A191,A201,1
0799,A14,24,A33,A40,717,A65,A75,4,A94,A101,4,A123,54,A143,A152,2,A173,1,A192,A201,1
0800,A12,9,A32,A40,1549,A65,A72,4,A93,A101,2,A121,35,A143,A152,1,A171,1,A191,A201,1
0801,A14,24,A34,A46,1597,A61,A75,4,A93,A101,4,A124,54,A143,A153,2,A173,2,A191,A201,1
0802,A12,18,A34,A43,1795,A61,A75,3,A92,A103,4,A121,48,A141,A151,2,A172,1,A192,A201,1
0803,A11,20,A34,A42,4272,A61,A75,1,A92,A101,4,A122,24,A143,A152,2,A173,1,A191,A201,1
0804,A14,12,A34,A43,976,A65,A75,4,A93,A101,4,A123,35,A143,A152,2,A173,1,A191,A201,1
0805,A12,12,A32,A40,7472,A65,A71,1,A92,A101,2,A121,24,A143,A151,1,A171,1,A191,A201,1
0806,A11,36,A32,A40,9271,A61,A74,2,A93,A101,1,A123,24,A143,A152,1,A173,1,A192,A201,2
0807,A12,6,A32,A43,590,A61,A72,3,A94,A101,3,A121,26,A143,A152,1,A172,1,A191,A202,1
0808,A14,12,A34,A43,930,A65,A75,4,A93,A101,4,A121,65,A143,A152,4,A173,1,A191,A201,1
0809,A12,42,A31,A41,9283,A61,A71,1,A93,A101,2,A124,55,A141,A153,1,A174,1,A192,A201,1
0810,A12,15,A30,A40,1778,A61,A72,2,A92,A101,1,A121,26,A143,A151,2,A171,1,A191,A201,2
0811,A12,8,A32,A49,907,A61,A72,3,A94,A101,2,A121,26,A143,A152,1,A173,1,A192,A201,1
0812,A12,6,A32,A43,484,A61,A74,3,A94,A103,3,A121,28,A141,A152,1,A172,1,A191,A201,1
0813,A11,36,A34,A41,9629,A61,A74,4,A93,A101,4,A123,24,A143,A152,2,A173,1,A192,A201,2
0814,A11,48,A32,A44,3051,A61,A73,3,A93,A101,4,A123,54,A143,A152,1,A173,1,A191,A201,2
0815,A11,48,A32,A40,3931,A61,A74,4,A93,A101,4,A124,46,A143,A153,1,A173,2,A191,A201,2
0816,A12,36,A33,A40,7432,A61,A73,2,A92,A101,2,A122,54,A143,A151,1,A173,1,A191,A201,1
0817,A14,6,A32,A44,1338,A63,A73,1,A91,A101,4,A121,62,A143,A152,1,A173,1,A191,A201,1
0818,A14,6,A34,A43,1554,A61,A74,1,A92,A101,2,A123,24,A143,A151,2,A173,1,A192,A201,1
0819,A11,36,A32,A410,15857,A61,A71,2,A91,A102,3,A123,43,A143,A152,1,A174,1,A191,A201,1
0820,A11,18,A32,A43,1345,A61,A73,4,A94,A101,3,A121,26,A141,A152,1,A173,1,A191,A201,2
0821,A14,12,A32,A40,1101,A61,A73,3,A94,A101,2,A121,27,A143,A152,2,A173,1,A192,A201,1
0822,A13,12,A32,A43,3016,A61,A73,3,A94,A101,1,A123,24,A143,A152,1,A173,1,A191,A201,1
0823,A11,36,A32,A42,2712,A61,A75,2,A93,A101,2,A122,41,A141,A152,1,A173,2,A191,A201,2
0824,A11,8,A34,A40,731,A61,A75,4,A93,A101,4,A121,47,A143,A152,2,A172,1,A191,A201,1
0825,A14,18,A34,A42,3780,A61,A72,3,A91,A101,2,A123,35,A143,A152,2,A174,1,A192,A201,1
0826,A11,21,A34,A40,1602,A61,A75,4,A94,A101,3,A123,30,A143,A152,2,A173,1,A192,A201,1
0827,A11,18,A34,A40,3966,A61,A75,1,A92,A101,4,A121,33,A141,A151,3,A173,1,A192,A201,2
0828,A14,18,A30,A49,4165,A61,A73,2,A93,A101,2,A123,36,A142,A152,2,A173,2,A191,A201,2
0829,A11,36,A32,A41,8335,A65,A75,3,A93,A101,4,A124,47,A143,A153,1,A173,1,A191,A201,2
0830,A12,48,A33,A49,6681,A65,A73,4,A93,A101,4,A124,38,A143,A153,1,A173,2,A192,A201,1
0831,A14,24,A33,A49,2375,A63,A73,4,A93,A101,2,A123,44,A143,A152,2,A173,2,A192,A201,1
0832,A11,18,A32,A40,1216,A61,A72,4,A92,A101,3,A123,23,A143,A151,1,A173,1,A192,A201,2
0833,A11,45,A30,A49,11816,A61,A75,2,A93,A101,4,A123,29,A143,A151,2,A173,1,A191,A201,2
0834,A12,24,A32,A43,5084,A65,A75,2,A92,A101,4,A123,42,A143,A152,1,A173,1,A192,A201,1
0835,A13,15,A32,A43,2327,A61,A72,2,A92,A101,3,A121,25,A143,A152,1,A172,1,A191,A201,2
0836,A11,12,A30,A40,1082,A61,A73,4,A93,A101,4,A123,48,A141,A152,2,A173,1,A191,A201,2
0837,A14,12,A32,A43,886,A65,A73,4,A92,A101,2,A123,21,A143,A152,1,A173,1,A191,A201,1
0838,A14,4,A32,A42,601,A61,A72,1,A92,A101,3,A121,23,A143,A151,1,A172,2,A191,A201,1
0839,A11,24,A34,A41,2957,A61,A75,4,A93,A101,4,A122,63,A143,A152,2,A173,1,A192,A201,1
0840,A14,24,A34,A43,2611,A61,A75,4,A94,A102,3,A121,46,A143,A152,2,A173,1,A191,A201,1
0841,A11,36,A32,A42,5179,A61,A74,4,A93,A101,2,A122,29,A143,A152,1,A173,1,A191,A201,2
0842,A14,21,A33,A41,2993,A61,A73,3,A93,A101,2,A121,28,A142,A152,2,A172,1,A191,A201,1
0843,A14,18,A32,A45,1943,A61,A72,4,A92,A101,4,A121,23,A143,A152,1,A173,1,A191,A201,2
0844,A14,24,A31,A49,1559,A61,A74,4,A93,A101,4,A123,50,A141,A152,1,A173,1,A192,A201,1
0845,A14,18,A32,A42,3422,A61,A75,4,A93,A101,4,A122,47,A141,A152,3,A173,2,A192,A201,1
0846,A12,21,A32,A42,3976,A65,A74,2,A93,A101,3,A123,35,A143,A152,1,A173,1,A192,A201,1
0847,A14,18,A32,A40,6761,A65,A73,2,A93,A101,4,A123,68,A143,A151,2,A173,1,A191,A201,2
0848,A14,24,A32,A40,1249,A61,A72,4,A94,A101,2,A121,28,A143,A152,1,A173,1,A191,A201,1
0849,A11,9,A32,A43,1364,A61,A74,3,A93,A101,4,A121,59,A143,A152,1,A173,1,A191,A201,1
0850,A11,12,A32,A43,709,A61,A75,4,A93,A101,4,A121,57,A142,A152,1,A172,1,A191,A201,2
0851,A11,20,A34,A40,2235,A61,A73,4,A94,A103,2,A122,33,A141,A151,2,A173,1,A191,A202,2
0852,A14,24,A34,A41,4042,A65,A74,3,A93,A101,4,A122,43,A143,A152,2,A173,1,A192,A201,1
0853,A14,15,A34,A43,1471,A61,A73,4,A93,A101,4,A124,35,A143,A153,2,A173,1,A192,A201,1
0854,A11,18,A31,A40,1442,A61,A74,4,A93,A101,4,A124,32,A143,A153,2,A172,2,A191,A201,2
0855,A14,36,A33,A40,10875,A61,A75,2,A93,A101,2,A123,45,A143,A152,2,A173,2,A192,A201,1
0856,A14,24,A32,A40,1474,A62,A72,4,A94,A101,3,A121,33,A143,A152,1,A173,1,A192,A201,1
0857,A14,10,A32,A48,894,A65,A74,4,A92,A101,3,A122,40,A143,A152,1,A173,1,A192,A201,1
0858,A14,15,A34,A42,3343,A61,A73,4,A93,A101,2,A124,28,A143,A153,1,A173,1,A192,A201,1
0859,A11,15,A32,A40,3959,A61,A73,3,A92,A101,2,A122,29,A143,A152,1,A173,1,A192,A201,2
0860,A14,9,A32,A40,3577,A62,A73,1,A93,A103,2,A121,26,A143,A151,1,A173,2,A191,A202,1
0861,A14,24,A34,A41,5804,A64,A73,4,A93,A101,2,A121,27,A143,A152,2,A173,1,A191,A201,1
0862,A14,18,A33,A49,2169,A61,A73,4,A94,A101,2,A123,28,A143,A152,1,A173,1,A192,A201,2
0863,A11,24,A32,A43,2439,A61,A72,4,A92,A101,4,A121,35,A143,A152,1,A173,1,A192,A201,2
0864,A14,27,A34,A42,4526,A64,A72,4,A93,A101,2,A121,32,A142,A152,2,A172,2,A192,A201,1
0865,A14,10,A32,A42,2210,A61,A73,2,A93,A101,2,A121,25,A141,A151,1,A172,1,A191,A201,2
0866,A14,15,A32,A42,2221,A63,A73,2,A92,A101,4,A123,20,A143,A151,1,A173,1,A191,A201,1
0867,A11,18,A32,A43,2389,A61,A72,4,A92,A101,1,A123,27,A142,A152,1,A173,1,A191,A201,1
0868,A14,12,A34,A42,3331,A61,A75,2,A93,A101,4,A122,42,A142,A152,1,A173,1,A191,A201,1
0869,A14,36,A32,A49,7409,A65,A75,3,A93,A101,2,A122,37,A143,A152,2,A173,1,A191,A201,1
0870,A11,12,A32,A42,652,A61,A75,4,A92,A101,4,A122,24,A143,A151,1,A173,1,A191,A201,1
0871,A14,36,A33,A42,7678,A63,A74,2,A92,A101,4,A123,40,A143,A152,2,A173,1,A192,A201,1
0872,A13,6,A34,A40,1343,A61,A75,1,A93,A101,4,A121,46,A143,A152,2,A173,2,A191,A202,1
0873,A11,24,A34,A49,1382,A62,A74,4,A93,A101,1,A121,26,A143,A152,2,A173,1,A192,A201,1
0874,A14,15,A32,A44,874,A65,A72,4,A92,A101,1,A121,24,A143,A152,1,A173,1,A191,A201,1
0875,A11,12,A32,A42,3590,A61,A73,2,A93,A102,2,A122,29,A143,A152,1,A172,2,A191,A201,1
0876,A12,11,A34,A40,1322,A64,A73,4,A92,A101,4,A123,40,A143,A152,2,A173,1,A191,A201,1
0877,A11,18,A31,A43,1940,A61,A72,3,A93,A102,4,A124,36,A141,A153,1,A174,1,A192,A201,1
0878,A14,36,A32,A43,3595,A61,A75,4,A93,A101,2,A123,28,A143,A152,1,A173,1,A191,A201,1
0879,A11,9,A32,A40,1422,A61,A72,3,A93,A101,2,A124,27,A143,A153,1,A174,1,A192,A201,2
0880,A14,30,A34,A43,6742,A65,A74,2,A93,A101,3,A122,36,A143,A152,2,A173,1,A191,A201,1
0881,A14,24,A32,A41,7814,A61,A74,3,A93,A101,3,A123,38,A143,A152,1,A174,1,A192,A201,1
0882,A14,24,A32,A41,9277,A65,A73,2,A91,A101,4,A124,48,A143,A153,1,A173,1,A192,A201,1
0883,A12,30,A34,A40,2181,A65,A75,4,A93,A101,4,A121,36,A143,A152,2,A173,1,A191,A201,1
0884,A14,18,A34,A43,1098,A61,A71,4,A92,A101,4,A123,65,A143,A152,2,A171,1,A191,A201,1
0885,A12,24,A32,A42,4057,A61,A74,3,A91,A101,3,A123,43,A143,A152,1,A173,1,A192,A201,2
0886,A11,12,A32,A46,795,A61,A72,4,A92,A101,4,A122,53,A143,A152,1,A173,1,A191,A201,2
0887,A12,24,A34,A49,2825,A65,A74,4,A93,A101,3,A124,34,A143,A152,2,A173,2,A192,A201,1
0888,A12,48,A32,A49,15672,A61,A73,2,A93,A101,2,A123,23,A143,A152,1,A173,1,A192,A201,2
0889,A14,36,A34,A40,6614,A61,A75,4,A93,A101,4,A123,34,A143,A152,2,A174,1,A192,A201,1
0890,A14,28,A31,A41,7824,A65,A72,3,A93,A103,4,A121,40,A141,A151,2,A173,2,A192,A201,1
0891,A11,27,A34,A49,2442,A61,A75,4,A93,A101,4,A123,43,A142,A152,4,A174,2,A192,A201,1
0892,A14,15,A34,A43,1829,A61,A75,4,A93,A101,4,A123,46,A143,A152,2,A173,1,A192,A201,1
0893,A11,12,A34,A40,2171,A61,A73,4,A93,A101,4,A122,38,A141,A152,2,A172,1,A191,A202,1
0894,A12,36,A34,A41,5800,A61,A73,3,A93,A101,4,A123,34,A143,A152,2,A173,1,A192,A201,1
0895,A14,18,A34,A43,1169,A65,A73,4,A93,A101,3,A122,29,A143,A152,2,A173,1,A192,A201,1
0896,A14,36,A33,A41,8947,A65,A74,3,A93,A101,2,A123,31,A142,A152,1,A174,2,A192,A201,1
0897,A11,21,A32,A43,2606,A61,A72,4,A92,A101,4,A122,28,A143,A151,1,A174,1,A192,A201,1
0898,A14,12,A34,A42,1592,A64,A74,3,A92,A101,2,A122,35,A143,A152,1,A173,1,A191,A202,1
0899,A14,15,A32,A42,2186,A65,A74,1,A92,A101,4,A121,33,A141,A151,1,A172,1,A191,A201,1
0900,A11,18,A32,A42,4153,A61,A73,2,A93,A102,3,A123,42,A143,A152,1,A173,1,A191,A201,2
0901,A11,16,A34,A40,2625,A61,A75,2,A93,A103,4,A122,43,A141,A151,1,A173,1,A192,A201,2
0902,A14,20,A34,A40,3485,A65,A72,2,A91,A101,4,A121,44,A143,A152,2,A173,1,A192,A201,1
0903,A14,36,A34,A41,10477,A65,A75,2,A93,A101,4,A124,42,A143,A153,2,A173,1,A191,A201,1
0904,A14,15,A32,A43,1386,A65,A73,4,A94,A101,2,A121,40,A143,A151,1,A173,1,A192,A201,1
0905,A14,24,A32,A43,1278,A61,A75,4,A93,A101,1,A121,36,A143,A152,1,A174,1,A192,A201,1
0906,A11,12,A32,A43,1107,A61,A73,2,A93,A101,2,A121,20,A143,A151,1,A174,2,A192,A201,1
0907,A11,21,A32,A40,3763,A65,A74,2,A93,A102,2,A121,24,A143,A152,1,A172,1,A191,A202,1
0908,A12,36,A32,A46,3711,A65,A73,2,A94,A101,2,A123,27,A143,A152,1,A173,1,A191,A201,1
0909,A14,15,A33,A41,3594,A61,A72,1,A92,A101,2,A122,46,A143,A152,2,A172,1,A191,A201,1
0910,A12,9,A32,A40,3195,A65,A73,1,A92,A101,2,A121,33,A143,A152,1,A172,1,A191,A201,1
0911,A14,36,A33,A43,4454,A61,A73,4,A92,A101,4,A121,34,A143,A152,2,A173,1,A191,A201,1
0912,A12,24,A34,A42,4736,A61,A72,2,A92,A101,4,A123,25,A141,A152,1,A172,1,A191,A201,2
0913,A12,30,A32,A43,2991,A65,A75,2,A92,A101,4,A123,25,A143,A152,1,A173,1,A191,A201,1
0914,A14,11,A32,A49,2142,A64,A75,1,A91,A101,2,A121,28,A143,A152,1,A173,1,A192,A201,1
0915,A11,24,A31,A49,3161,A61,A73,4,A93,A101,2,A122,31,A143,A151,1,A173,1,A192,A201,2
0916,A12,48,A30,A410,18424,A61,A73,1,A92,A101,2,A122,32,A141,A152,1,A174,1,A192,A202,2
0917,A14,10,A32,A41,2848,A62,A73,1,A93,A102,2,A121,32,A143,A152,1,A173,2,A191,A201,1
0918,A11,6,A32,A40,14896,A61,A75,1,A93,A101,4,A124,68,A141,A152,1,A174,1,A192,A201,2
0919,A11,24,A32,A42,2359,A62,A71,1,A91,A101,1,A122,33,A143,A152,1,A173,1,A191,A201,2
0920,A11,24,A32,A42,3345,A61,A75,4,A93,A101,2,A122,39,A143,A151,1,A174,1,A192,A201,2
0921,A14,18,A34,A42,1817,A61,A73,4,A92,A101,2,A124,28,A143,A152,2,A173,1,A191,A201,1
0922,A14,48,A33,A43,12749,A63,A74,4,A93,A101,1,A123,37,A143,A152,1,A174,1,A192,A201,1
0923,A11,9,A32,A43,1366,A61,A72,3,A92,A101,4,A122,22,A143,A151,1,A173,1,A191,A201,2
0924,A12,12,A32,A40,2002,A61,A74,3,A93,A101,4,A122,30,A143,A151,1,A173,2,A192,A201,1
0925,A11,24,A31,A42,6872,A61,A72,2,A91,A101,1,A122,55,A141,A152,1,A173,1,A192,A201,2
0926,A11,12,A31,A40,697,A61,A72,4,A93,A101,2,A123,46,A141,A152,2,A173,1,A192,A201,2
0927,A11,18,A34,A42,1049,A61,A72,4,A92,A101,4,A122,21,A143,A151,1,A173,1,A191,A201,1
0928,A11,48,A32,A41,10297,A61,A74,4,A93,A101,4,A124,39,A142,A153,3,A173,2,A192,A201,2
0929,A14,30,A32,A43,1867,A65,A75,4,A93,A101,4,A123,58,A143,A152,1,A173,1,A192,A201,1
0930,A11,12,A33,A40,1344,A61,A73,4,A93,A101,2,A121,43,A143,A152,2,A172,2,A191,A201,1
0931,A11,24,A32,A42,1747,A61,A72,4,A93,A102,1,A122,24,A143,A152,1,A172,1,A191,A202,1
0932,A12,9,A32,A43,1670,A61,A72,4,A92,A101,2,A123,22,A143,A152,1,A173,1,A192,A201,2
0933,A14,9,A34,A40,1224,A61,A73,3,A93,A101,1,A121,30,A143,A152,2,A173,1,A191,A201,1
0934,A14,12,A34,A43,522,A63,A75,4,A93,A101,4,A122,42,A143,A152,2,A173,2,A192,A201,1
0935,A11,12,A32,A43,1498,A61,A73,4,A92,A101,1,A123,23,A141,A152,1,A173,1,A191,A201,1
0936,A12,30,A33,A43,1919,A62,A72,4,A93,A101,3,A124,30,A142,A152,2,A174,1,A191,A201,2
0937,A13,9,A32,A43,745,A61,A73,3,A92,A101,2,A121,28,A143,A152,1,A172,1,A191,A201,2
0938,A12,6,A32,A43,2063,A61,A72,4,A94,A101,3,A123,30,A143,A151,1,A174,1,A192,A201,1
0939,A12,60,A32,A46,6288,A61,A73,4,A93,A101,4,A124,42,A143,A153,1,A173,1,A191,A201,2
0940,A14,24,A34,A41,6842,A65,A73,2,A93,A101,4,A122,46,A143,A152,2,A174,2,A192,A201,1
0941,A14,12,A32,A40,3527,A65,A72,2,A93,A101,3,A122,45,A143,A152,1,A174,2,A192,A201,1
0942,A14,10,A32,A40,1546,A61,A73,3,A93,A101,2,A121,31,A143,A152,1,A172,2,A191,A202,1
0943,A14,24,A32,A42,929,A65,A74,4,A93,A101,2,A123,31,A142,A152,1,A173,1,A192,A201,1
0944,A14,4,A34,A40,1455,A61,A74,2,A93,A101,1,A121,42,A143,A152,3,A172,2,A191,A201,1
0945,A11,15,A32,A42,1845,A61,A72,4,A92,A103,1,A122,46,A143,A151,1,A173,1,A191,A201,1
0946,A12,48,A30,A40,8358,A63,A72,1,A92,A101,1,A123,30,A143,A152,2,A173,1,A191,A201,1
0947,A11,24,A31,A42,3349,A63,A72,4,A93,A101,4,A124,30,A143,A153,1,A173,2,A192,A201,2
0948,A14,12,A32,A40,2859,A65,A71,4,A93,A101,4,A124,38,A143,A152,1,A174,1,A192,A201,1
0949,A14,18,A32,A42,1533,A61,A72,4,A94,A102,1,A122,43,A143,A152,1,A172,2,A191,A201,2
0950,A14,24,A32,A43,3621,A62,A75,2,A93,A101,4,A123,31,A143,A152,2,A173,1,A191,A201,2
0951,A12,18,A34,A49,3590,A61,A71,3,A94,A101,3,A123,40,A143,A152,3,A171,2,A192,A201,1
0952,A11,36,A33,A49,2145,A61,A74,2,A93,A101,1,A123,24,A143,A152,2,A173,1,A192,A201,2
0953,A12,24,A32,A41,4113,A63,A72,3,A92,A101,4,A123,28,A143,A151,1,A173,1,A191,A201,2
0954,A14,36,A32,A42,10974,A61,A71,4,A92,A101,2,A123,26,A143,A152,2,A174,1,A192,A201,2
0955,A11,12,A32,A40,1893,A61,A73,4,A92,A103,4,A122,29,A143,A152,1,A173,1,A192,A201,1
0956,A11,24,A34,A43,1231,A64,A75,4,A92,A101,4,A122,57,A143,A151,2,A174,1,A192,A201,1
0957,A13,30,A34,A43,3656,A65,A75,4,A93,A101,4,A122,49,A142,A152,2,A172,1,A191,A201,1
0958,A12,9,A34,A43,1154,A61,A75,2,A93,A101,4,A121,37,A143,A152,3,A172,1,A191,A201,1
0959,A11,28,A32,A40,4006,A61,A73,3,A93,A101,2,A123,45,A143,A152,1,A172,1,A191,A201,2
0960,A12,24,A32,A42,3069,A62,A75,4,A93,A101,4,A124,30,A143,A153,1,A173,1,A191,A201,1
0961,A14,6,A34,A43,1740,A61,A75,2,A94,A101,2,A121,30,A143,A151,2,A173,1,A191,A201,1
0962,A12,21,A33,A40,2353,A61,A73,1,A91,A101,4,A122,47,A143,A152,2,A173,1,A191,A201,1
0963,A14,15,A32,A40,3556,A65,A73,3,A93,A101,2,A124,29,A143,A152,1,A173,1,A191,A201,1
0964,A14,24,A32,A43,2397,A63,A75,3,A93,A101,2,A123,35,A141,A152,2,A173,1,A192,A201,2
0965,A12,6,A32,A45,454,A61,A72,3,A94,A101,1,A122,22,A143,A152,1,A172,1,A191,A201,1
0966,A12,30,A32,A43,1715,A65,A73,4,A92,A101,1,A123,26,A143,A152,1,A173,1,A191,A201,1
0967,A12,27,A34,A43,2520,A63,A73,4,A93,A101,2,A122,23,A143,A152,2,A172,1,A191,A201,2
0968,A14,15,A32,A43,3568,A61,A75,4,A92,A101,2,A123,54,A141,A151,1,A174,1,A192,A201,1
0969,A14,42,A32,A43,7166,A65,A74,2,A94,A101,4,A122,29,A143,A151,1,A173,1,A192,A201,1
0970,A11,11,A34,A40,3939,A61,A73,1,A93,A101,2,A121,40,A143,A152,2,A172,2,A191,A201,1
0971,A12,15,A32,A45,1514,A62,A73,4,A93,A103,2,A121,22,A143,A152,1,A173,1,A191,A201,1
0972,A14,24,A32,A40,7393,A61,A73,1,A93,A101,4,A122,43,A143,A152,1,A172,2,A191,A201,1
0973,A11,24,A31,A40,1193,A61,A71,1,A92,A102,4,A124,29,A143,A151,2,A171,1,A191,A201,2
0974,A11,60,A32,A49,7297,A61,A75,4,A93,A102,4,A124,36,A143,A151,1,A173,1,A191,A201,2
0975,A14,30,A34,A43,2831,A61,A73,4,A92,A101,2,A123,33,A143,A152,1,A173,1,A192,A201,1
0976,A13,24,A32,A43,1258,A63,A73,3,A92,A101,3,A123,57,A143,A152,1,A172,1,A191,A201,1
0977,A12,6,A32,A43,753,A61,A73,2,A92,A103,3,A121,64,A143,A152,1,A173,1,A191,A201,1
0978,A12,18,A33,A49,2427,A65,A75,4,A93,A101,2,A122,42,A143,A152,2,A173,1,A191,A201,1
0979,A14,24,A33,A40,2538,A61,A75,4,A93,A101,4,A123,47,A143,A152,2,A172,2,A191,A201,2
0980,A12,15,A31,A40,1264,A62,A73,2,A94,A101,2,A122,25,A143,A151,1,A173,1,A191,A201,2
0981,A12,30,A34,A42,8386,A61,A74,2,A93,A101,2,A122,49,A143,A152,1,A173,1,A191,A201,2
0982,A14,48,A32,A49,4844,A61,A71,3,A93,A101,2,A123,33,A141,A151,1,A174,1,A192,A201,2
0983,A13,21,A32,A40,2923,A62,A73,1,A92,A101,1,A123,28,A141,A152,1,A174,1,A192,A201,1
0984,A11,36,A32,A41,8229,A61,A73,2,A93,A101,2,A122,26,A143,A152,1,A173,2,A191,A201,2
0985,A14,24,A34,A42,2028,A61,A74,2,A93,A101,2,A122,30,A143,A152,2,A172,1,A191,A201,1
0986,A11,15,A34,A42,1433,A61,A73,4,A92,A101,3,A122,25,A143,A151,2,A173,1,A191,A201,1
0987,A13,42,A30,A49,6289,A61,A72,2,A91,A101,1,A122,33,A143,A152,2,A173,1,A191,A201,1
0988,A14,13,A32,A43,1409,A62,A71,2,A92,A101,4,A121,64,A143,A152,1,A173,1,A191,A201,1
0989,A11,24,A32,A41,6579,A61,A71,4,A93,A101,2,A124,29,A143,A153,1,A174,1,A192,A201,1
0990,A12,24,A34,A43,1743,A61,A75,4,A93,A101,2,A122,48,A143,A152,2,A172,1,A191,A201,1
0991,A14,12,A34,A46,3565,A65,A72,2,A93,A101,1,A122,37,A143,A152,2,A172,2,A191,A201,1
0992,A14,15,A31,A43,1569,A62,A75,4,A93,A101,4,A123,34,A141,A152,1,A172,2,A191,A201,1
0993,A11,18,A32,A43,1936,A65,A74,2,A94,A101,4,A123,23,A143,A151,2,A172,1,A191,A201,1
0994,A11,36,A32,A42,3959,A61,A71,4,A93,A101,3,A122,30,A143,A152,1,A174,1,A192,A201,1
0995,A14,12,A32,A40,2390,A65,A75,4,A93,A101,3,A123,50,A143,A152,1,A173,1,A192,A201,1
0996,A14,12,A32,A42,1736,A61,A74,3,A92,A101,4,A121,31,A143,A152,1,A172,1,A191,A201,1
0997,A11,30,A32,A41,3857,A61,A73,4,A91,A101,4,A122,40,A143,A152,1,A174,1,A192,A201,1
0998,A14,12,A32,A43,804,A61,A75,4,A93,A101,4,A123,38,A143,A152,1,A173,1,A191,A201,1
0999,A11,45,A32,A43,1845,A61,A73,4,A93,A101,4,A124,23,A143,A153,1,A173,1,A192,A201,2
1000,A12,45,A34,A41,4576,A62,A71,3,A93,A101,4,A123,27,A143,A152,1,A173,1,A191,A201,1
