ID,checking_status,credit_history,purpose,savings_status,employment,installment_commitment,personal_status,other_parties,residence_since,property_magnitude,other_payment_plans,housing,existing_credits,job,own_telephone,foreign_worker,duration_TILEN,credit_amount_TILEN,age_TILEN,class
1,A11,A34,A43,A65,A75,4,A93,A101,4,A121,A143,A152,2,A173,A192,A201,1,2,8,1
2,A12,A32,A43,A61,A73,2,A92,A101,2,A121,A143,A152,1,A173,A191,A201,8,7,1,2
3,A14,A34,A43,A61,A74,2,A93,A101,3,A121,A143,A152,1,A172,A191,A201,3,4,7,1
4,A11,A32,A40,A61,A74,2,A93,A103,4,A122,A143,A153,1,A173,A191,A201,8,8,7,1
5,A11,A33,A40,A61,A73,3,A93,A101,4,A124,A143,A153,2,A173,A191,A201,6,7,8,2
6,A14,A32,A41,A65,A73,2,A93,A101,4,A124,A143,A153,1,A172,A192,A201,7,8,5,1
7,A14,A32,A4244,A63,A75,3,A93,A101,4,A122,A143,A152,1,A173,A191,A201,6,5,8,1
8,A12,A32,A41,A61,A73,2,A93,A101,2,A123,A143,A151,1,A174,A192,A201,8,8,5,1
9,A14,A32,A43,A64,A74,2,A91,A101,4,A121,A143,A152,1,A172,A191,A201,3,6,8,1
11,A12,A32,A40,A61,A72,3,A92,A101,1,A123,A143,A151,1,A173,A191,A201,3,2,2,2
12,A11,A32,A49,A61,A72,3,A92,A101,4,A122,A143,A151,1,A173,A191,A201,7,7,2,2
13,A12,A32,A43,A61,A73,1,A92,A101,1,A123,A143,A152,1,A173,A192,A201,3,3,1,1
15,A11,A32,A40,A61,A73,2,A92,A101,4,A123,A143,A151,1,A173,A191,A201,3,3,3,1
16,A11,A32,A43,A62,A73,4,A92,A101,2,A123,A143,A152,1,A172,A191,A201,6,2,4,2
17,A14,A34,A43,A65,A75,4,A93,A101,4,A122,A143,A152,2,A173,A191,A201,5,5,8,1
18,A11,A30,A49,A65,A72,2,A93,A101,3,A123,A141,A152,3,A173,A191,A201,7,8,2,1
19,A12,A32,A41,A61,A75,4,A92,A101,2,A124,A143,A153,1,A174,A192,A201,6,8,7,2
20,A14,A32,A43,A63,A75,3,A93,A101,2,A123,A143,A152,1,A173,A192,A201,6,6,4,1
22,A11,A32,A43,A63,A73,2,A93,A101,3,A121,A143,A151,1,A173,A191,A201,1,5,7,1
23,A11,A34,A40,A61,A72,1,A93,A101,3,A121,A143,A151,2,A172,A191,A202,2,4,7,1
24,A12,A34,A41,A62,A72,3,A93,A101,4,A122,A143,A152,1,A173,A191,A201,3,3,7,1
25,A14,A34,A4244,A65,A73,2,A94,A101,1,A123,A143,A152,2,A173,A191,A202,2,4,2,1
26,A11,A32,A4244,A61,A73,1,A93,A101,2,A121,A141,A152,1,A172,A192,A201,1,3,6,1
27,A14,A30,A43,A61,A75,4,A94,A101,4,A123,A143,A152,1,A172,A191,A201,1,1,6,1
28,A13,A31,A43,A64,A73,3,A92,A101,3,A121,A143,A151,2,A173,A191,A201,3,1,7,1
29,A12,A32,A43,A61,A73,3,A93,A103,2,A121,A143,A152,1,A173,A191,A201,1,5,5,1
30,A11,A33,A49,A61,A75,3,A93,A101,4,A124,A143,A152,2,A173,A192,A201,8,8,8,2
31,A12,A32,A49,A64,A72,3,A94,A101,3,A121,A141,A152,1,A173,A192,A201,5,4,6,1
32,A11,A32,A4244,A61,A73,2,A93,A101,2,A123,A142,A152,1,A173,A191,A201,6,7,3,1
33,A12,A32,A40,A62,A73,2,A93,A101,2,A123,A143,A152,2,A173,A192,A201,5,7,4,1
34,A14,A34,A49,A65,A75,4,A93,A101,4,A124,A143,A151,1,A172,A191,A201,3,2,8,1
35,A13,A32,A4244,A61,A72,4,A92,A101,1,A122,A141,A152,1,A174,A192,A201,3,3,5,1
36,A12,A34,A43,A61,A72,4,A93,A101,2,A122,A143,A152,2,A172,A191,A201,8,7,2,2
37,A14,A34,A46,A61,A73,1,A93,A101,3,A124,A141,A153,1,A173,A192,A201,8,7,4,1
38,A13,A32,A43,A61,A73,4,A93,A102,2,A121,A142,A152,1,A173,A191,A201,5,4,6,2
39,A13,A32,A4244,A61,A73,2,A93,A101,2,A123,A143,A152,1,A173,A192,A201,2,2,6,1
40,A12,A32,A43,A61,A73,4,A93,A101,3,A121,A143,A152,1,A173,A191,A201,2,1,2,1
41,A14,A32,A43,A63,A75,4,A93,A101,2,A123,A141,A152,1,A174,A191,A201,7,5,4,1
42,A12,A32,A43,A63,A73,3,A91,A101,1,A123,A143,A152,1,A173,A192,A201,3,2,2,1
43,A12,A33,A45,A61,A73,2,A93,A101,4,A121,A143,A152,1,A172,A192,A201,5,7,7,1
44,A11,A34,A41,A62,A74,1,A94,A101,4,A123,A143,A151,2,A173,A191,A201,7,7,2,1
45,A11,A34,A41,A61,A75,4,A92,A101,4,A124,A142,A153,2,A172,A191,A201,8,7,8,2
46,A14,A34,A40,A61,A72,4,A92,A101,4,A123,A143,A152,2,A174,A191,A201,2,3,5,1
47,A14,A32,A43,A63,A75,4,A93,A101,4,A123,A143,A152,1,A173,A191,A201,8,4,6,1
48,A11,A32,A41,A63,A71,1,A92,A101,2,A122,A143,A151,1,A171,A192,A201,1,2,1,1
49,A14,A34,A40,A61,A73,1,A93,A101,4,A122,A143,A152,2,A172,A191,A201,2,8,6,1
50,A14,A32,A43,A62,A73,4,A92,A102,2,A121,A143,A152,1,A173,A191,A201,3,4,3,1
51,A12,A33,A4244,A65,A72,4,A93,A101,2,A122,A141,A152,1,A172,A191,A201,6,5,3,1
52,A12,A33,A41,A61,A75,1,A93,A101,2,A123,A143,A152,2,A174,A192,A201,7,7,4,1
53,A14,A32,A43,A61,A73,3,A93,A101,2,A123,A143,A152,1,A173,A191,A201,3,2,2,1
54,A14,A32,A41,A65,A73,2,A93,A101,1,A122,A143,A152,1,A173,A192,A201,5,6,4,1
55,A12,A33,A40,A61,A75,4,A93,A101,4,A124,A141,A153,2,A173,A192,A201,8,4,8,2
57,A12,A32,A43,A65,A71,2,A93,A101,1,A124,A143,A152,1,A174,A192,A201,3,8,8,2
58,A14,A34,A43,A61,A73,2,A92,A101,2,A123,A142,A152,2,A173,A191,A201,8,8,4,1
59,A13,A32,A40,A61,A75,3,A92,A101,2,A123,A143,A152,1,A174,A191,A201,5,4,1,1
60,A11,A34,A4244,A61,A72,4,A92,A102,4,A124,A143,A151,2,A172,A192,A201,8,7,1,2
61,A12,A32,A49,A61,A73,2,A94,A101,1,A121,A141,A152,1,A173,A192,A201,2,3,3,1
62,A12,A34,A43,A65,A75,4,A93,A103,4,A121,A143,A152,2,A173,A192,A201,4,3,8,1
63,A12,A30,A49,A61,A75,4,A93,A101,4,A124,A143,A153,1,A174,A192,A201,8,4,8,2
64,A12,A30,A49,A61,A73,2,A93,A101,2,A123,A143,A152,1,A173,A192,A201,8,8,2,2
65,A14,A32,A43,A61,A72,4,A92,A101,4,A122,A143,A152,1,A173,A192,A201,6,6,2,1
66,A14,A32,A45,A65,A75,4,A93,A101,4,A122,A143,A152,4,A173,A192,A201,7,7,7,1
67,A14,A32,A43,A61,A72,2,A92,A101,2,A123,A141,A152,1,A173,A191,A201,3,4,3,1
68,A12,A32,A40,A64,A73,4,A94,A101,1,A121,A143,A152,1,A173,A191,A201,3,1,1,1
69,A14,A32,A46,A61,A73,4,A93,A101,4,A124,A142,A153,1,A173,A192,A201,8,4,6,2
70,A14,A32,A43,A65,A73,4,A92,A101,4,A123,A143,A152,1,A173,A191,A201,8,5,2,1
71,A14,A32,A41,A61,A73,1,A92,A101,2,A122,A141,A152,1,A173,A191,A201,8,8,4,1
72,A14,A34,A43,A65,A75,4,A93,A101,2,A122,A143,A151,2,A172,A192,A201,1,1,7,1
73,A11,A34,A410,A61,A75,3,A93,A101,4,A124,A141,A153,2,A174,A192,A201,1,2,8,1
74,A12,A34,A49,A61,A74,2,A92,A101,1,A121,A141,A152,2,A172,A191,A201,8,7,6,1
75,A11,A32,A46,A65,A75,4,A93,A101,4,A124,A143,A152,1,A174,A192,A201,8,4,6,2
76,A11,A34,A41,A61,A75,4,A93,A101,4,A124,A143,A153,2,A174,A191,A201,3,3,8,1
77,A11,A32,A43,A61,A72,4,A93,A101,3,A123,A143,A152,1,A173,A191,A201,8,6,5,2
79,A14,A30,A41,A65,A73,2,A93,A101,2,A122,A143,A152,1,A172,A191,A201,8,8,6,1
80,A12,A32,A4244,A61,A72,2,A94,A101,1,A122,A143,A152,1,A173,A191,A201,7,6,1,1
81,A14,A32,A43,A65,A72,1,A92,A101,1,A123,A143,A152,2,A173,A192,A201,6,7,7,2
82,A14,A32,A43,A63,A75,4,A93,A101,3,A122,A142,A152,1,A173,A192,A201,4,2,7,1
83,A14,A32,A49,A62,A73,3,A92,A101,4,A122,A143,A151,1,A172,A191,A201,5,3,2,1
84,A11,A32,A410,A61,A75,4,A92,A103,4,A121,A143,A152,1,A172,A192,A201,6,3,8,1
85,A11,A32,A43,A61,A75,3,A93,A101,4,A121,A143,A152,1,A172,A191,A201,2,4,8,1
86,A14,A34,A49,A61,A73,4,A92,A103,2,A121,A143,A152,2,A174,A192,A201,3,3,3,1
87,A12,A34,A4244,A61,A72,4,A92,A101,1,A122,A143,A152,2,A173,A191,A201,5,2,3,1
88,A12,A32,A46,A62,A73,1,A93,A101,4,A124,A143,A153,1,A173,A192,A201,8,8,7,2
89,A11,A32,A40,A62,A74,4,A93,A101,3,A123,A143,A152,1,A174,A192,A201,5,4,4,1
90,A11,A30,A45,A61,A74,4,A93,A101,3,A121,A143,A152,2,A173,A191,A201,3,2,3,2
91,A14,A34,A43,A61,A75,4,A93,A101,4,A121,A143,A152,1,A173,A191,A201,3,1,8,1
92,A11,A34,A41,A61,A75,4,A93,A101,3,A121,A143,A152,1,A173,A191,A201,3,3,8,1
93,A14,A34,A43,A65,A75,4,A92,A101,3,A122,A141,A152,1,A172,A191,A201,3,1,5,2
94,A13,A34,A4244,A65,A75,4,A93,A102,4,A124,A143,A151,2,A173,A191,A201,6,6,1,1
95,A12,A32,A40,A64,A75,4,A93,A101,4,A121,A143,A152,1,A173,A192,A201,3,2,8,1
96,A12,A30,A49,A61,A72,3,A93,A101,4,A124,A143,A151,1,A173,A192,A201,8,8,8,2
98,A12,A32,A49,A62,A73,4,A93,A101,4,A123,A143,A152,1,A173,A191,A201,5,5,5,1
99,A12,A34,A43,A61,A75,4,A93,A101,4,A121,A143,A152,1,A173,A191,A201,8,5,6,1
101,A14,A32,A40,A62,A75,4,A94,A101,4,A121,A143,A151,1,A172,A191,A201,6,3,6,1
103,A14,A33,A43,A61,A73,3,A92,A101,2,A121,A143,A152,1,A173,A191,A201,1,1,2,1
104,A12,A34,A4244,A61,A74,4,A93,A101,3,A123,A143,A151,1,A173,A192,A201,2,4,5,1
105,A14,A32,A41,A65,A72,2,A94,A101,4,A123,A143,A151,1,A173,A192,A201,3,5,2,1
106,A12,A34,A410,A61,A73,2,A93,A102,3,A123,A143,A152,2,A174,A192,A201,6,8,6,2
107,A14,A31,A40,A61,A75,2,A93,A101,4,A124,A141,A152,2,A174,A192,A201,5,7,6,2
108,A12,A32,A40,A61,A74,2,A93,A101,2,A123,A143,A152,1,A173,A191,A201,3,7,4,1
109,A11,A32,A4244,A65,A72,1,A92,A101,2,A122,A143,A152,1,A173,A192,A202,6,8,4,1
110,A12,A32,A49,A63,A75,1,A94,A101,2,A121,A143,A152,1,A173,A192,A201,3,3,5,1
111,A12,A33,A49,A62,A75,1,A91,A101,2,A123,A141,A152,2,A173,A191,A201,1,3,4,1
112,A13,A32,A46,A61,A72,4,A92,A101,4,A122,A143,A151,1,A173,A192,A201,4,1,1,1
113,A12,A32,A40,A61,A74,3,A93,A101,3,A121,A143,A151,1,A172,A191,A201,5,7,3,1
114,A14,A34,A40,A61,A73,4,A92,A101,2,A121,A142,A152,2,A173,A192,A201,8,8,2,2
115,A11,A32,A43,A63,A75,3,A94,A101,1,A121,A143,A152,1,A173,A191,A201,3,3,5,1
116,A14,A34,A43,A65,A75,4,A93,A101,1,A121,A143,A152,1,A173,A192,A201,8,6,7,1
117,A11,A32,A43,A65,A74,4,A92,A101,3,A123,A143,A152,1,A174,A192,A201,8,8,4,2
119,A11,A34,A4244,A63,A73,1,A92,A101,4,A123,A143,A152,2,A173,A191,A201,7,7,1,2
121,A11,A32,A43,A61,A73,3,A92,A101,2,A121,A143,A152,2,A173,A192,A201,5,4,2,2
122,A14,A34,A41,A61,A75,4,A92,A101,2,A123,A143,A151,2,A174,A192,A201,6,6,6,1
123,A14,A32,A4244,A61,A73,3,A93,A101,2,A121,A143,A151,1,A172,A191,A201,3,3,2,1
124,A13,A34,A40,A61,A75,4,A93,A101,4,A124,A143,A153,2,A173,A192,A201,2,1,8,1
125,A12,A32,A4244,A65,A72,4,A92,A101,3,A121,A143,A151,1,A173,A191,A201,5,4,3,2
126,A11,A34,A40,A61,A73,4,A93,A101,2,A122,A143,A152,2,A173,A191,A201,3,4,4,1
128,A12,A32,A45,A61,A73,4,A93,A101,2,A123,A143,A152,1,A173,A191,A201,3,1,4,2
129,A12,A34,A41,A61,A71,4,A93,A101,2,A123,A143,A152,2,A174,A192,A201,3,4,5,1
130,A11,A34,A40,A61,A73,3,A92,A102,2,A121,A143,A152,2,A173,A191,A201,3,6,3,2
131,A12,A32,A40,A65,A74,1,A92,A101,2,A123,A143,A152,1,A173,A191,A201,8,8,2,1
132,A11,A33,A46,A61,A73,4,A93,A101,3,A122,A142,A152,1,A173,A192,A201,8,8,3,2
133,A14,A32,A4244,A61,A72,2,A93,A101,3,A122,A141,A152,2,A172,A191,A201,4,5,3,1
134,A14,A32,A4244,A61,A73,4,A93,A101,4,A124,A141,A153,2,A173,A191,A201,5,4,7,1
135,A14,A32,A43,A62,A74,2,A92,A101,4,A121,A143,A152,1,A173,A192,A201,8,8,1,1
136,A14,A34,A43,A65,A75,4,A92,A101,2,A121,A143,A152,2,A173,A192,A201,3,2,6,1
137,A14,A33,A41,A64,A73,2,A93,A101,2,A123,A143,A152,2,A173,A191,A201,7,8,3,1
138,A12,A32,A43,A63,A73,4,A93,A101,3,A121,A143,A152,1,A172,A191,A201,3,1,8,2
141,A13,A32,A40,A64,A72,2,A94,A101,2,A121,A143,A152,1,A171,A191,A202,1,1,3,1
142,A12,A32,A43,A61,A72,4,A92,A101,1,A124,A143,A152,1,A174,A192,A201,8,7,4,1
143,A11,A32,A43,A61,A73,3,A93,A101,2,A123,A143,A152,1,A174,A191,A201,7,6,3,1
144,A11,A32,A4244,A61,A73,2,A93,A101,2,A123,A143,A152,1,A173,A191,A201,5,5,1,2
145,A14,A34,A4244,A61,A72,4,A92,A101,4,A122,A143,A152,1,A173,A192,A201,5,4,1,1
146,A12,A31,A49,A62,A74,4,A93,A101,2,A123,A143,A152,1,A173,A191,A201,8,6,4,1
147,A11,A34,A40,A61,A75,1,A92,A101,4,A124,A143,A152,2,A173,A192,A201,1,1,6,1
148,A14,A34,A40,A62,A74,4,A92,A101,3,A123,A143,A152,2,A173,A192,A201,3,1,8,1
149,A11,A34,A4244,A61,A73,3,A93,A103,2,A122,A143,A152,2,A173,A191,A201,8,7,3,1
150,A14,A34,A43,A64,A75,4,A93,A101,4,A123,A143,A152,2,A173,A191,A201,5,3,7,1
151,A14,A32,A43,A62,A75,2,A93,A101,4,A124,A141,A153,1,A173,A192,A201,1,2,7,1
152,A14,A32,A43,A61,A73,1,A93,A101,4,A122,A143,A152,1,A173,A192,A202,2,4,6,1
155,A12,A33,A49,A62,A74,4,A93,A101,4,A123,A143,A151,1,A174,A192,A201,6,8,6,1
156,A11,A32,A4244,A61,A73,2,A92,A101,4,A123,A143,A151,1,A173,A191,A201,3,2,1,2
157,A11,A34,A45,A62,A75,3,A93,A103,4,A121,A143,A152,2,A173,A191,A202,2,2,7,1
158,A11,A31,A410,A61,A75,4,A94,A101,1,A123,A141,A152,1,A172,A191,A201,3,1,7,1
159,A12,A32,A40,A62,A74,2,A93,A101,3,A123,A141,A152,2,A173,A192,A201,6,6,6,1
160,A14,A34,A43,A65,A73,1,A93,A101,2,A121,A143,A152,2,A172,A191,A201,1,4,5,1
161,A14,A34,A43,A62,A75,3,A93,A101,4,A121,A143,A152,1,A173,A192,A201,6,5,6,1
163,A14,A32,A4244,A63,A74,4,A93,A101,3,A122,A143,A152,2,A173,A192,A201,4,2,6,1
164,A12,A32,A40,A61,A71,2,A93,A101,4,A124,A141,A153,1,A174,A192,A201,2,8,8,1
165,A14,A32,A40,A63,A75,4,A93,A101,4,A122,A143,A152,1,A173,A191,A201,8,1,6,1
166,A14,A32,A4244,A63,A73,1,A93,A101,2,A123,A143,A152,1,A173,A192,A201,1,5,4,1
167,A11,A32,A4244,A61,A71,4,A92,A101,2,A123,A143,A152,1,A173,A191,A201,5,2,5,2
169,A14,A32,A4244,A61,A74,2,A92,A101,4,A122,A143,A151,1,A173,A192,A201,6,6,2,1
170,A12,A34,A49,A61,A75,4,A91,A101,4,A121,A143,A152,2,A173,A192,A201,6,4,4,2
172,A14,A32,A4244,A61,A73,4,A92,A101,1,A121,A143,A152,1,A173,A192,A201,3,1,2,1
174,A12,A32,A43,A61,A73,4,A93,A103,2,A121,A143,A152,1,A173,A191,A202,1,3,5,1
175,A11,A33,A46,A61,A72,2,A93,A101,1,A122,A143,A152,2,A173,A191,A201,5,6,2,2
176,A14,A31,A41,A65,A71,4,A92,A101,1,A121,A141,A152,1,A174,A192,A201,7,8,8,2
177,A11,A32,A4244,A61,A73,2,A91,A101,1,A123,A143,A152,1,A173,A191,A201,3,5,7,1
179,A14,A32,A43,A61,A74,4,A93,A101,2,A123,A143,A151,2,A174,A192,A201,3,4,4,1
180,A11,A34,A40,A61,A75,4,A93,A101,4,A121,A143,A152,2,A173,A191,A201,5,1,8,1
181,A14,A33,A49,A61,A72,1,A91,A101,1,A123,A143,A152,2,A173,A191,A201,8,8,3,2
182,A12,A33,A49,A61,A73,2,A91,A101,2,A121,A142,A152,2,A174,A192,A201,8,7,4,2
183,A11,A31,A40,A65,A73,4,A93,A101,2,A122,A143,A152,2,A172,A191,A201,5,3,6,2
184,A14,A34,A4244,A64,A73,4,A93,A101,4,A121,A143,A152,1,A173,A192,A201,6,6,8,1
185,A12,A34,A40,A61,A75,4,A93,A101,4,A123,A141,A152,1,A173,A192,A201,5,1,6,2
186,A14,A34,A43,A61,A73,4,A93,A101,2,A122,A143,A152,2,A173,A191,A201,4,2,4,1
187,A12,A31,A41,A61,A75,2,A92,A101,4,A124,A141,A153,1,A174,A192,A201,2,7,8,2
188,A12,A34,A40,A61,A71,2,A93,A101,3,A123,A143,A153,3,A171,A192,A201,4,2,8,1
189,A11,A32,A43,A62,A74,4,A94,A101,1,A122,A143,A152,1,A173,A191,A201,3,1,1,2
190,A12,A30,A4244,A61,A73,1,A92,A101,4,A123,A141,A152,2,A173,A192,A201,5,6,5,1
191,A14,A32,A49,A64,A73,2,A93,A101,3,A122,A143,A152,3,A174,A192,A201,6,7,8,2
192,A12,A30,A49,A62,A74,4,A93,A101,4,A124,A143,A153,1,A172,A191,A201,8,6,5,2
194,A14,A32,A43,A61,A74,2,A94,A101,2,A121,A143,A151,1,A173,A191,A201,1,4,3,1
195,A12,A32,A43,A62,A73,4,A93,A103,4,A122,A143,A151,1,A173,A191,A201,8,6,1,2
196,A12,A34,A46,A61,A75,2,A92,A101,3,A123,A143,A152,2,A174,A192,A201,2,3,5,2
197,A14,A34,A43,A61,A73,1,A92,A101,1,A123,A143,A152,2,A173,A192,A201,1,3,3,1
201,A14,A34,A46,A63,A75,4,A93,A101,2,A123,A143,A152,2,A173,A192,A201,2,1,8,1
202,A11,A32,A40,A61,A73,4,A94,A101,3,A121,A143,A152,1,A172,A191,A201,3,2,3,1
204,A11,A32,A410,A61,A74,4,A94,A101,4,A122,A143,A151,1,A173,A191,A201,3,1,1,2
205,A14,A34,A40,A61,A75,4,A93,A101,1,A121,A143,A152,2,A172,A191,A201,3,3,6,1
207,A14,A34,A4244,A61,A75,4,A93,A101,4,A121,A143,A152,3,A173,A192,A201,3,4,7,1
208,A12,A34,A4244,A61,A74,4,A93,A101,3,A122,A143,A152,1,A173,A191,A201,3,3,2,1
209,A11,A32,A49,A61,A73,2,A94,A101,2,A123,A142,A152,1,A172,A191,A201,6,8,1,1
210,A14,A32,A41,A64,A74,3,A93,A101,2,A122,A143,A152,1,A173,A191,A202,3,3,8,1
211,A14,A34,A43,A65,A73,1,A93,A101,2,A121,A143,A152,2,A173,A191,A201,2,6,5,1
212,A14,A32,A43,A65,A75,2,A92,A101,4,A121,A143,A152,1,A172,A192,A201,8,6,7,1
213,A11,A30,A49,A61,A71,2,A93,A101,4,A122,A142,A152,2,A173,A192,A201,7,7,8,2
214,A13,A33,A49,A61,A75,4,A93,A101,4,A121,A143,A152,1,A174,A192,A201,7,4,8,2
215,A14,A34,A43,A65,A75,4,A93,A101,2,A123,A143,A152,1,A173,A192,A201,8,6,8,1
216,A12,A34,A410,A65,A74,1,A92,A101,3,A122,A143,A152,2,A172,A191,A201,1,1,6,1
217,A11,A30,A49,A61,A74,3,A93,A101,1,A122,A141,A152,1,A173,A192,A201,5,6,4,1
218,A13,A32,A43,A61,A73,2,A93,A101,2,A121,A143,A152,1,A173,A192,A201,8,6,1,1
219,A11,A32,A4244,A61,A73,2,A91,A101,2,A121,A143,A151,1,A172,A191,A201,6,5,2,1
220,A14,A32,A40,A61,A73,2,A92,A101,4,A123,A143,A152,1,A173,A192,A201,2,2,8,1
221,A12,A32,A43,A61,A72,4,A94,A103,1,A121,A141,A152,1,A172,A191,A201,3,1,2,1
222,A11,A32,A46,A65,A73,4,A92,A101,4,A122,A141,A151,1,A173,A192,A201,3,2,1,1
223,A14,A32,A43,A61,A73,4,A93,A101,2,A121,A141,A152,2,A173,A191,A201,3,1,4,1
225,A14,A32,A41,A61,A73,3,A93,A101,2,A123,A143,A152,1,A173,A192,A201,4,7,4,1
226,A14,A30,A45,A61,A73,4,A93,A101,2,A123,A143,A152,2,A173,A191,A201,8,5,3,1
227,A12,A32,A43,A64,A74,1,A93,A102,2,A124,A141,A152,2,A173,A192,A201,8,8,3,2
228,A11,A32,A4244,A61,A75,4,A93,A101,4,A124,A143,A153,1,A174,A192,A201,3,8,8,2
230,A11,A32,A4244,A61,A72,4,A93,A101,1,A124,A141,A153,1,A173,A191,A201,6,6,1,1
231,A13,A32,A43,A61,A73,4,A93,A101,2,A123,A143,A152,1,A173,A191,A201,8,7,2,2
232,A14,A32,A40,A63,A75,2,A93,A101,4,A124,A143,A153,1,A172,A191,A201,2,5,8,1
236,A11,A32,A43,A61,A71,4,A93,A101,2,A123,A142,A152,1,A174,A191,A201,6,4,4,2
237,A12,A32,A40,A65,A71,1,A93,A101,2,A122,A143,A152,1,A171,A192,A201,1,8,1,2
238,A12,A32,A49,A62,A75,4,A91,A101,2,A123,A141,A151,2,A172,A191,A201,5,5,8,2
239,A14,A34,A43,A61,A73,4,A92,A101,2,A122,A143,A152,2,A173,A191,A201,3,2,5,1
240,A11,A32,A43,A61,A75,1,A93,A103,3,A122,A143,A152,1,A173,A191,A201,7,5,6,1
241,A11,A32,A40,A65,A75,4,A92,A101,2,A123,A141,A152,1,A173,A191,A201,6,1,3,2
242,A14,A32,A43,A61,A74,3,A93,A101,2,A122,A143,A152,1,A173,A191,A201,1,3,8,1
243,A11,A30,A41,A61,A75,3,A93,A101,4,A124,A143,A153,2,A173,A191,A201,8,7,2,2
244,A14,A34,A49,A61,A73,3,A92,A101,2,A121,A143,A152,2,A173,A191,A201,3,2,3,1
245,A14,A31,A410,A63,A73,4,A92,A101,3,A121,A143,A152,1,A172,A191,A201,3,6,5,1
246,A14,A32,A49,A61,A74,4,A93,A101,1,A121,A143,A152,1,A173,A192,A201,6,2,2,1
247,A14,A34,A43,A61,A75,4,A93,A101,4,A121,A143,A152,3,A173,A191,A201,3,1,8,1
248,A14,A30,A40,A62,A73,4,A93,A101,1,A124,A141,A151,1,A173,A191,A202,1,2,5,1
249,A13,A32,A4244,A61,A73,2,A93,A101,2,A121,A143,A152,1,A173,A191,A201,6,4,2,1
250,A14,A32,A43,A61,A71,3,A92,A102,4,A121,A143,A151,1,A173,A191,A201,5,1,1,2
251,A11,A34,A40,A64,A74,3,A92,A101,4,A121,A143,A152,2,A172,A192,A201,1,1,6,1
252,A13,A32,A4244,A61,A73,1,A92,A101,2,A123,A143,A152,1,A172,A191,A201,3,4,7,1
253,A12,A32,A40,A61,A73,4,A92,A103,2,A124,A141,A152,1,A173,A191,A201,7,4,2,2
255,A12,A32,A4244,A65,A74,2,A93,A101,1,A123,A143,A152,1,A173,A192,A201,2,4,2,1
256,A12,A33,A43,A65,A73,1,A93,A101,1,A121,A143,A152,1,A172,A191,A201,8,8,3,1
257,A14,A34,A43,A61,A73,4,A93,A101,2,A121,A143,A152,2,A172,A191,A201,6,5,5,1
258,A11,A31,A43,A61,A73,4,A91,A101,1,A124,A143,A153,1,A173,A191,A201,3,4,3,2
259,A14,A32,A41,A62,A72,1,A92,A101,4,A123,A143,A152,1,A173,A192,A201,4,6,1,1
260,A14,A34,A43,A62,A71,4,A92,A101,4,A121,A143,A152,3,A172,A191,A201,2,2,8,1
261,A11,A32,A4244,A61,A73,2,A93,A101,2,A121,A143,A152,1,A173,A191,A201,3,3,3,1
262,A11,A32,A43,A61,A75,4,A92,A101,4,A123,A143,A152,1,A173,A191,A201,6,3,8,1
263,A11,A34,A40,A61,A75,2,A93,A101,4,A124,A143,A153,3,A174,A192,A201,5,7,6,1
265,A14,A34,A40,A61,A75,3,A93,A101,4,A121,A143,A152,2,A172,A191,A202,2,2,4,1
266,A12,A32,A43,A61,A75,4,A93,A101,3,A123,A143,A152,1,A173,A191,A201,4,1,6,2
267,A14,A34,A49,A65,A75,4,A93,A101,4,A121,A143,A152,2,A173,A191,A201,8,7,6,1
268,A14,A32,A43,A61,A72,4,A92,A101,3,A123,A142,A152,1,A173,A192,A201,6,3,6,1
269,A11,A32,A40,A61,A75,1,A91,A101,4,A122,A143,A152,1,A174,A192,A202,3,8,7,2
270,A14,A32,A43,A65,A75,4,A93,A101,2,A123,A143,A152,2,A173,A191,A201,6,1,2,1
271,A14,A32,A40,A65,A74,4,A93,A101,3,A122,A143,A152,1,A173,A191,A202,5,5,4,1
272,A14,A34,A4244,A63,A74,3,A92,A101,4,A123,A143,A151,1,A173,A192,A201,3,3,6,1
273,A12,A31,A40,A65,A71,4,A93,A102,4,A124,A143,A153,1,A174,A192,A201,8,8,6,1
275,A11,A32,A45,A61,A72,1,A91,A101,1,A124,A143,A152,1,A172,A192,A201,7,8,5,2
277,A14,A34,A43,A61,A73,2,A92,A101,2,A123,A143,A152,2,A173,A191,A201,5,5,2,1
278,A11,A32,A4244,A65,A75,2,A91,A101,4,A122,A143,A152,1,A172,A192,A201,3,2,7,1
279,A14,A32,A4244,A61,A72,1,A92,A101,4,A122,A143,A152,1,A173,A191,A201,1,7,4,2
280,A14,A32,A43,A62,A73,4,A93,A101,4,A123,A143,A151,1,A174,A192,A201,6,4,3,1
281,A14,A34,A41,A64,A75,3,A93,A101,4,A124,A143,A151,2,A173,A192,A201,4,6,1,1
282,A14,A32,A4244,A61,A73,4,A93,A101,2,A121,A143,A152,1,A173,A191,A201,3,3,8,1
283,A13,A31,A43,A65,A74,4,A93,A101,4,A123,A141,A152,1,A172,A191,A201,5,3,7,1
284,A14,A34,A4244,A65,A75,4,A93,A101,4,A122,A143,A152,1,A173,A191,A201,4,3,8,1
286,A11,A32,A40,A61,A72,1,A92,A101,1,A121,A143,A152,1,A172,A192,A201,8,8,5,1
287,A11,A32,A41,A61,A74,4,A93,A101,3,A122,A143,A152,1,A173,A191,A201,8,7,2,1
288,A12,A33,A410,A62,A71,2,A93,A101,4,A124,A143,A153,1,A174,A192,A201,8,8,4,1
289,A12,A32,A43,A61,A73,4,A92,A103,4,A121,A143,A152,2,A173,A192,A201,3,2,7,1
290,A11,A33,A43,A61,A72,4,A94,A101,4,A121,A142,A152,1,A173,A191,A201,6,1,7,2
292,A12,A32,A41,A61,A72,1,A94,A101,4,A123,A143,A151,1,A174,A192,A201,8,8,3,2
293,A11,A34,A41,A61,A75,2,A92,A101,4,A124,A143,A153,2,A174,A192,A201,6,7,7,1
294,A13,A34,A41,A61,A75,4,A93,A101,4,A124,A143,A153,1,A173,A191,A201,8,7,8,1
296,A12,A32,A4244,A61,A72,1,A92,A101,2,A123,A143,A152,1,A173,A192,A201,8,8,2,2
298,A14,A32,A40,A65,A75,4,A93,A102,2,A122,A143,A152,1,A172,A191,A202,2,2,7,1
299,A14,A32,A4244,A61,A73,3,A93,A101,4,A121,A143,A152,1,A173,A192,A201,5,5,7,1
300,A12,A34,A4244,A64,A74,3,A93,A101,2,A123,A143,A152,2,A173,A192,A201,5,5,4,1
301,A14,A32,A40,A61,A71,1,A92,A101,4,A121,A143,A152,1,A171,A192,A201,1,1,8,1
302,A12,A30,A43,A61,A73,4,A92,A101,1,A123,A143,A152,1,A173,A192,A201,8,6,7,2
303,A13,A34,A40,A65,A74,4,A93,A101,2,A121,A141,A152,2,A172,A191,A201,6,2,6,2
305,A14,A34,A40,A63,A73,2,A93,A101,2,A124,A141,A153,1,A173,A191,A201,8,8,7,2
306,A14,A32,A4244,A64,A73,4,A91,A101,2,A121,A143,A152,1,A173,A191,A201,1,3,5,1
308,A11,A32,A43,A62,A72,4,A94,A101,3,A124,A143,A152,1,A172,A192,A201,3,1,5,2
310,A12,A32,A40,A61,A73,4,A94,A101,4,A121,A143,A151,1,A172,A191,A201,2,1,1,1
311,A12,A32,A410,A65,A71,3,A93,A101,4,A124,A141,A153,1,A171,A192,A201,8,7,6,1
313,A13,A32,A4244,A61,A72,2,A92,A101,4,A123,A143,A152,1,A173,A191,A201,6,6,2,1
314,A12,A32,A40,A61,A74,2,A94,A101,3,A123,A141,A152,1,A172,A191,A201,3,1,2,2
315,A13,A32,A40,A65,A72,1,A93,A101,2,A121,A143,A152,1,A172,A191,A202,1,3,3,1
316,A11,A31,A4244,A61,A75,4,A93,A101,4,A123,A141,A152,1,A173,A191,A201,8,5,4,2
317,A11,A32,A4244,A61,A73,2,A93,A103,3,A122,A143,A152,1,A172,A191,A201,3,1,6,1
318,A12,A32,A4244,A65,A73,1,A92,A101,4,A122,A143,A152,1,A172,A192,A201,6,7,7,1
319,A14,A34,A46,A61,A73,4,A93,A101,2,A123,A143,A152,2,A173,A191,A201,3,1,4,1
320,A11,A33,A4244,A61,A75,1,A92,A101,4,A122,A143,A152,2,A172,A191,A201,4,6,3,1
321,A12,A34,A40,A61,A71,4,A94,A101,2,A123,A143,A152,2,A174,A191,A201,7,7,3,2
322,A11,A32,A43,A61,A72,4,A91,A101,3,A122,A143,A152,1,A173,A191,A201,6,4,4,2
323,A11,A32,A41,A61,A74,2,A93,A101,1,A124,A143,A153,1,A174,A192,A201,6,5,5,1
324,A11,A32,A4244,A64,A73,4,A93,A101,2,A123,A143,A152,1,A173,A191,A201,5,5,3,1
325,A14,A34,A40,A61,A73,4,A92,A101,3,A121,A143,A152,2,A173,A191,A201,5,1,6,1
326,A11,A34,A40,A61,A74,1,A93,A101,4,A121,A143,A152,2,A172,A191,A202,1,6,6,1
329,A13,A32,A43,A61,A75,4,A93,A101,2,A123,A143,A152,1,A173,A191,A201,8,7,4,1
331,A11,A34,A41,A61,A71,2,A93,A101,4,A124,A143,A153,2,A174,A192,A201,6,8,8,1
333,A12,A32,A40,A62,A72,4,A92,A101,2,A122,A143,A152,1,A174,A191,A201,8,8,2,2
334,A14,A34,A41,A62,A73,2,A92,A101,4,A123,A141,A151,2,A172,A191,A201,8,8,2,2
335,A11,A30,A4244,A61,A75,3,A93,A101,4,A124,A141,A151,2,A173,A191,A201,6,7,1,2
336,A11,A34,A4244,A61,A73,1,A91,A101,4,A121,A143,A151,1,A174,A192,A201,1,6,7,2
337,A12,A32,A43,A61,A72,2,A92,A103,4,A122,A143,A152,1,A172,A191,A201,3,4,1,1
338,A11,A32,A4244,A65,A73,4,A92,A101,2,A123,A143,A151,1,A173,A191,A201,4,2,2,2
339,A11,A32,A4244,A61,A73,4,A93,A101,4,A122,A143,A152,1,A173,A191,A201,6,7,3,1
340,A12,A32,A4244,A61,A73,4,A91,A101,2,A123,A143,A152,1,A172,A191,A201,2,3,4,1
341,A12,A34,A46,A61,A72,2,A92,A101,4,A124,A143,A153,2,A173,A192,A201,6,7,2,1
342,A11,A32,A4244,A61,A74,1,A92,A101,4,A123,A143,A151,1,A172,A191,A201,5,6,2,1
343,A12,A32,A43,A63,A72,1,A94,A101,3,A121,A143,A151,1,A173,A191,A201,5,6,2,1
345,A13,A32,A40,A61,A72,1,A93,A103,1,A122,A143,A152,1,A172,A191,A201,2,6,6,1
347,A12,A34,A43,A61,A72,4,A93,A103,4,A121,A143,A152,2,A173,A191,A201,3,1,1,1
348,A12,A32,A43,A63,A71,1,A92,A101,4,A124,A143,A151,1,A171,A191,A201,6,6,1,1
349,A14,A33,A49,A62,A73,1,A93,A101,2,A121,A143,A152,2,A172,A191,A201,1,3,5,1
350,A12,A34,A46,A64,A75,4,A93,A101,3,A124,A143,A153,2,A173,A191,A201,2,2,4,2
351,A14,A32,A4244,A61,A72,1,A92,A101,4,A121,A143,A151,1,A173,A192,A201,2,2,1,1
352,A12,A32,A4244,A61,A73,1,A92,A101,2,A123,A143,A152,1,A173,A191,A202,2,1,3,2
353,A14,A34,A41,A65,A71,2,A93,A101,4,A124,A143,A152,1,A174,A192,A201,5,6,6,1
354,A11,A30,A43,A61,A73,4,A93,A101,2,A122,A143,A151,2,A173,A192,A201,3,7,3,2
357,A14,A34,A43,A65,A75,1,A93,A102,4,A121,A143,A152,1,A173,A192,A201,3,5,7,1
359,A14,A32,A43,A61,A73,4,A94,A101,2,A121,A143,A152,1,A173,A191,A201,3,1,3,1
360,A11,A32,A4244,A61,A74,4,A92,A101,4,A121,A143,A151,1,A173,A191,A201,7,5,1,2
361,A12,A32,A46,A65,A73,4,A93,A101,4,A124,A143,A153,1,A173,A191,A201,5,2,8,1
362,A13,A32,A43,A65,A75,2,A93,A101,3,A123,A143,A152,1,A174,A191,A201,3,6,6,1
364,A14,A32,A4244,A61,A73,1,A94,A101,2,A122,A143,A151,1,A173,A191,A201,1,3,1,1
365,A11,A32,A4244,A61,A71,4,A93,A101,1,A123,A143,A152,1,A171,A191,A201,5,5,2,2
366,A14,A32,A49,A61,A74,2,A93,A101,4,A123,A143,A152,1,A173,A192,A201,3,3,6,1
367,A14,A34,A41,A61,A74,3,A93,A101,1,A123,A143,A152,2,A173,A191,A201,5,6,3,1
369,A11,A32,A4244,A61,A75,4,A93,A101,2,A123,A143,A152,1,A173,A191,A201,8,6,7,2
371,A14,A32,A40,A65,A73,4,A93,A101,4,A121,A143,A152,1,A173,A191,A201,8,6,6,1
374,A14,A34,A40,A65,A75,2,A93,A101,4,A124,A141,A153,1,A174,A192,A201,8,8,8,1
375,A12,A31,A410,A62,A75,3,A92,A101,4,A124,A141,A153,2,A174,A192,A201,8,8,8,2
377,A14,A33,A43,A61,A71,2,A94,A101,3,A121,A143,A152,2,A173,A191,A201,5,5,5,1
378,A14,A33,A43,A65,A75,3,A93,A101,4,A124,A143,A153,1,A173,A191,A201,1,1,6,1
379,A12,A32,A40,A61,A75,4,A93,A101,2,A124,A143,A153,1,A174,A192,A201,8,8,8,2
380,A14,A34,A40,A62,A73,4,A92,A101,4,A123,A143,A152,2,A172,A191,A201,1,1,8,1
381,A11,A32,A4244,A65,A74,4,A93,A101,4,A123,A143,A152,1,A173,A192,A201,5,4,6,1
382,A12,A32,A41,A61,A71,3,A92,A101,4,A124,A143,A153,1,A174,A192,A201,5,8,6,2
384,A13,A32,A40,A61,A72,4,A93,A101,1,A121,A143,A152,1,A173,A191,A201,3,2,2,1
386,A14,A34,A43,A61,A73,2,A92,A101,1,A123,A143,A152,2,A173,A191,A201,5,4,2,1
387,A14,A32,A43,A65,A72,4,A92,A101,2,A121,A143,A151,1,A173,A192,A201,5,2,1,1
388,A12,A34,A4244,A61,A71,4,A93,A101,4,A122,A142,A152,2,A174,A192,A201,5,8,6,1
389,A12,A34,A49,A63,A73,2,A93,A101,4,A123,A141,A152,1,A173,A191,A201,4,5,3,1
390,A14,A32,A49,A61,A74,3,A92,A101,2,A123,A143,A152,2,A173,A191,A201,2,3,3,1
393,A11,A32,A40,A61,A74,2,A93,A101,4,A124,A141,A153,1,A174,A192,A201,8,6,6,1
394,A11,A34,A43,A61,A74,1,A92,A101,4,A123,A143,A152,1,A173,A191,A201,1,4,4,1
395,A14,A34,A4244,A61,A71,2,A93,A101,3,A123,A143,A152,1,A174,A191,A201,2,5,4,1
396,A12,A33,A46,A62,A74,2,A93,A101,3,A124,A143,A151,1,A173,A192,A201,8,8,4,1
397,A11,A32,A4244,A61,A71,3,A92,A101,4,A124,A143,A153,1,A174,A191,A201,3,5,8,1
398,A11,A34,A4244,A61,A73,3,A94,A101,2,A122,A143,A152,2,A173,A192,A201,8,5,7,1
399,A12,A32,A40,A61,A75,1,A91,A101,1,A121,A143,A151,2,A173,A191,A201,3,2,7,2
400,A14,A34,A43,A64,A73,4,A92,A101,1,A121,A143,A152,2,A172,A191,A201,6,3,7,1
401,A14,A32,A43,A61,A72,3,A94,A101,4,A121,A143,A152,1,A173,A192,A201,5,3,6,1
402,A12,A34,A49,A65,A73,4,A94,A101,4,A121,A141,A152,2,A173,A191,A201,5,4,3,1
404,A14,A33,A40,A61,A73,4,A93,A101,2,A123,A143,A152,2,A172,A191,A201,3,1,3,1
405,A12,A33,A40,A65,A75,4,A93,A101,4,A123,A143,A152,1,A173,A191,A201,5,5,7,1
406,A12,A32,A43,A61,A72,1,A94,A101,1,A122,A143,A152,1,A173,A192,A201,6,4,1,2
407,A14,A34,A41,A65,A74,4,A93,A101,4,A123,A143,A152,2,A173,A192,A201,6,4,7,1
408,A11,A32,A43,A61,A72,4,A94,A101,2,A121,A143,A152,1,A173,A191,A202,4,2,3,1
410,A13,A34,A40,A63,A74,4,A94,A101,2,A121,A143,A152,3,A173,A192,A201,3,1,3,2
411,A12,A32,A43,A61,A75,4,A92,A101,4,A123,A143,A152,1,A173,A192,A201,6,4,1,1
412,A14,A34,A41,A61,A74,3,A93,A101,2,A123,A143,A152,2,A174,A192,A201,7,8,5,1
413,A14,A34,A49,A61,A71,4,A93,A101,2,A123,A142,A152,2,A174,A192,A201,3,4,7,2
415,A11,A32,A40,A65,A73,4,A92,A101,2,A122,A143,A152,1,A173,A191,A201,6,3,5,2
419,A14,A32,A40,A63,A74,1,A92,A101,2,A123,A141,A152,1,A174,A191,A201,5,5,4,1
420,A12,A32,A40,A65,A73,4,A92,A101,2,A122,A143,A152,1,A173,A191,A201,5,1,5,2
421,A14,A32,A40,A64,A74,2,A92,A101,3,A123,A143,A151,1,A173,A191,A201,4,6,1,1
422,A12,A32,A41,A65,A73,4,A93,A101,2,A123,A143,A152,1,A173,A191,A201,3,4,4,1
424,A14,A33,A4244,A62,A74,4,A93,A101,3,A121,A143,A152,2,A174,A191,A201,5,3,5,1
425,A12,A32,A4244,A65,A75,1,A92,A101,2,A122,A141,A152,1,A173,A192,A201,3,5,2,2
426,A12,A32,A41,A61,A73,1,A94,A101,3,A123,A143,A151,1,A173,A192,A201,5,5,1,1
427,A14,A34,A43,A61,A75,4,A93,A101,2,A123,A143,A152,2,A173,A191,A201,7,5,3,1
428,A14,A34,A43,A64,A73,4,A93,A101,3,A121,A143,A152,2,A173,A191,A201,5,2,7,1
429,A14,A32,A4244,A61,A75,1,A93,A101,4,A123,A143,A152,1,A173,A191,A201,2,2,1,1
430,A11,A34,A45,A61,A71,2,A92,A101,4,A124,A143,A153,3,A171,A191,A201,5,2,8,2
431,A14,A32,A49,A61,A74,1,A93,A101,4,A121,A143,A152,1,A172,A191,A201,1,6,8,1
432,A12,A32,A410,A61,A73,2,A93,A102,3,A123,A141,A152,2,A174,A192,A201,6,8,3,2
434,A14,A34,A45,A61,A73,4,A91,A101,2,A121,A143,A152,2,A173,A192,A201,6,4,5,1
435,A11,A32,A4244,A61,A73,3,A93,A101,2,A121,A143,A152,1,A173,A191,A201,2,4,2,1
436,A12,A32,A43,A65,A73,2,A94,A101,1,A121,A143,A152,1,A173,A192,A201,3,3,2,2
437,A14,A32,A45,A63,A74,2,A94,A101,4,A121,A143,A151,1,A172,A191,A201,1,1,1,1
438,A14,A34,A40,A64,A75,4,A92,A101,4,A121,A143,A152,2,A173,A192,A201,6,2,6,1
439,A11,A34,A45,A61,A71,4,A93,A102,4,A123,A143,A152,2,A171,A191,A201,8,6,8,1
440,A13,A31,A49,A61,A72,4,A92,A101,1,A121,A143,A152,1,A171,A191,A201,3,1,2,2
441,A14,A32,A40,A61,A75,4,A93,A101,4,A123,A143,A152,1,A174,A192,A201,3,4,6,1
442,A11,A32,A4244,A61,A73,2,A92,A102,3,A122,A143,A152,1,A173,A191,A201,3,3,4,1
443,A12,A33,A410,A61,A73,2,A93,A101,3,A123,A141,A152,2,A173,A192,A201,5,5,3,1
444,A14,A32,A46,A61,A75,4,A93,A101,4,A123,A141,A152,1,A172,A191,A201,3,1,6,2
445,A12,A34,A4244,A61,A73,2,A92,A101,3,A123,A143,A152,1,A174,A192,A201,8,7,4,2
446,A14,A34,A46,A65,A75,4,A92,A101,4,A122,A143,A151,2,A172,A191,A201,2,2,6,1
447,A11,A32,A40,A61,A72,4,A92,A101,4,A123,A143,A152,1,A173,A192,A201,8,4,5,2
448,A12,A32,A43,A61,A73,2,A93,A103,2,A121,A143,A152,1,A173,A191,A201,1,5,5,1
449,A13,A32,A4244,A65,A75,3,A92,A101,4,A121,A143,A152,1,A174,A192,A201,3,3,8,1
450,A12,A33,A45,A64,A73,3,A94,A101,3,A122,A142,A152,2,A173,A191,A201,4,3,8,2
451,A14,A34,A41,A65,A73,4,A93,A101,2,A123,A143,A152,1,A174,A192,A201,8,8,4,1
453,A14,A30,A4244,A61,A75,2,A93,A101,4,A122,A143,A152,2,A173,A191,A201,3,5,5,1
454,A14,A32,A41,A61,A75,4,A93,A101,4,A123,A143,A152,1,A174,A192,A201,6,5,5,1
457,A11,A34,A40,A61,A73,2,A93,A101,2,A121,A143,A151,2,A173,A191,A201,2,6,6,1
459,A11,A32,A4244,A61,A72,4,A92,A101,1,A121,A143,A152,1,A173,A191,A201,1,1,3,1
460,A14,A32,A43,A61,A72,3,A93,A101,2,A123,A143,A152,1,A173,A192,A201,5,7,4,1
462,A11,A32,A40,A61,A72,2,A93,A101,3,A121,A143,A152,1,A173,A191,A201,4,3,6,1
463,A12,A32,A4244,A61,A72,3,A92,A101,1,A121,A143,A151,1,A174,A191,A201,3,5,5,1
464,A12,A32,A410,A65,A75,4,A93,A101,4,A122,A143,A152,2,A173,A191,A201,3,1,6,1
465,A14,A32,A49,A61,A74,4,A93,A101,1,A123,A142,A152,2,A173,A192,A201,5,4,5,1
466,A11,A32,A41,A61,A73,3,A93,A103,4,A124,A141,A152,1,A173,A192,A201,6,5,8,1
467,A11,A33,A43,A61,A72,4,A92,A101,2,A123,A143,A151,1,A172,A192,A201,6,3,3,2
468,A14,A33,A43,A65,A75,3,A93,A101,3,A123,A141,A152,2,A173,A191,A201,8,8,4,1
469,A14,A33,A49,A61,A73,2,A92,A101,2,A123,A143,A152,2,A173,A192,A201,7,5,2,1
470,A14,A33,A41,A61,A74,3,A93,A101,3,A123,A143,A152,2,A172,A192,A201,6,7,5,1
472,A11,A32,A46,A61,A72,4,A92,A101,4,A122,A143,A152,1,A173,A191,A201,1,1,1,2
473,A11,A32,A40,A61,A73,4,A93,A101,3,A123,A143,A152,1,A172,A191,A201,2,1,3,2
474,A14,A32,A410,A65,A71,4,A93,A101,4,A122,A143,A152,1,A174,A192,A201,1,2,6,1
475,A12,A34,A43,A61,A73,4,A94,A101,2,A123,A143,A152,1,A173,A191,A201,5,2,5,2
478,A13,A32,A43,A61,A74,4,A93,A101,2,A123,A141,A152,1,A173,A191,A201,6,7,2,1
480,A11,A34,A4244,A61,A75,4,A93,A101,4,A123,A143,A152,2,A173,A192,A201,4,3,7,1
483,A11,A32,A4244,A64,A75,4,A92,A101,4,A122,A143,A151,2,A173,A192,A201,7,6,8,1
484,A14,A33,A4244,A64,A74,3,A92,A101,2,A122,A143,A152,2,A173,A191,A201,4,1,4,1
485,A14,A34,A40,A63,A73,4,A93,A101,4,A121,A143,A152,1,A173,A192,A201,3,2,7,1
486,A12,A33,A40,A61,A71,4,A93,A101,4,A122,A143,A152,1,A174,A192,A201,1,2,7,2
487,A14,A32,A43,A61,A73,2,A93,A101,4,A123,A143,A152,1,A173,A192,A201,3,6,8,1
488,A14,A32,A40,A61,A75,4,A92,A102,4,A124,A143,A153,1,A173,A192,A201,6,6,8,1
489,A14,A32,A40,A62,A73,3,A93,A101,2,A121,A143,A151,1,A172,A191,A202,2,3,5,1
490,A14,A32,A40,A61,A73,2,A93,A103,3,A122,A143,A151,1,A173,A191,A201,1,6,2,1
491,A14,A34,A43,A61,A75,2,A93,A101,2,A124,A143,A152,2,A173,A191,A201,3,4,2,1
492,A12,A30,A49,A61,A75,2,A92,A101,4,A124,A143,A153,2,A174,A192,A201,7,8,7,2
493,A14,A34,A43,A62,A73,1,A92,A101,1,A122,A143,A152,2,A173,A191,A201,1,2,3,1
495,A11,A34,A40,A61,A73,3,A93,A101,2,A121,A143,A151,2,A172,A191,A202,3,4,6,1
496,A11,A32,A4244,A65,A73,2,A94,A101,4,A123,A143,A152,1,A173,A191,A201,6,5,1,2
498,A14,A34,A4244,A61,A74,4,A93,A101,3,A122,A143,A152,2,A173,A191,A201,6,3,6,1
499,A12,A32,A43,A61,A75,4,A94,A103,2,A121,A143,A152,1,A172,A191,A201,5,2,4,1
500,A13,A34,A40,A62,A75,2,A91,A101,4,A123,A143,A152,2,A173,A192,A201,1,2,3,1
501,A11,A32,A40,A61,A72,4,A92,A101,1,A122,A143,A152,1,A173,A191,A201,6,6,3,2
502,A11,A32,A41,A61,A75,2,A93,A101,4,A124,A143,A153,1,A173,A191,A201,8,7,7,1
503,A13,A32,A43,A62,A75,2,A91,A101,4,A121,A143,A152,1,A173,A191,A201,2,2,7,1
504,A12,A34,A43,A62,A72,4,A93,A101,4,A124,A141,A152,2,A173,A191,A201,6,2,6,2
506,A14,A32,A40,A65,A73,4,A93,A103,4,A122,A143,A152,1,A172,A191,A201,2,2,3,2
508,A12,A31,A40,A62,A71,1,A93,A101,2,A122,A143,A152,1,A174,A192,A201,4,8,5,2
509,A14,A32,A43,A61,A73,4,A94,A101,2,A122,A143,A152,1,A173,A191,A201,6,3,3,1
510,A14,A32,A41,A62,A75,4,A93,A101,2,A123,A143,A152,1,A174,A192,A201,8,8,7,1
511,A11,A32,A40,A61,A74,4,A93,A101,2,A121,A143,A152,1,A173,A191,A201,3,1,2,2
515,A14,A32,A40,A65,A72,4,A93,A101,1,A122,A143,A152,1,A173,A191,A201,6,4,8,1
516,A11,A34,A40,A61,A74,4,A92,A101,3,A122,A143,A152,2,A173,A191,A202,1,1,6,1
517,A11,A34,A40,A61,A72,2,A93,A101,4,A121,A143,A152,1,A172,A191,A202,1,2,6,1
518,A14,A34,A4244,A61,A72,2,A92,A101,4,A122,A143,A151,2,A173,A192,A201,8,8,1,2
519,A11,A32,A40,A62,A75,3,A93,A101,2,A122,A143,A152,1,A173,A192,A201,1,2,7,1
521,A14,A34,A45,A61,A75,3,A93,A101,4,A124,A143,A153,2,A173,A191,A201,6,7,7,1
524,A14,A32,A41,A62,A74,3,A92,A101,4,A123,A143,A152,1,A173,A191,A201,6,6,1,1
525,A12,A32,A43,A61,A73,4,A92,A103,4,A121,A143,A152,1,A172,A191,A201,5,2,2,1
526,A12,A32,A41,A61,A72,2,A93,A101,3,A123,A143,A152,2,A173,A191,A201,7,8,4,1
527,A14,A34,A46,A62,A73,4,A92,A101,3,A123,A143,A152,1,A173,A191,A201,4,3,4,1
528,A14,A34,A43,A61,A74,2,A93,A101,1,A121,A143,A152,2,A172,A191,A201,1,3,7,1
529,A11,A32,A43,A61,A73,4,A91,A101,4,A123,A143,A151,1,A173,A191,A201,8,4,4,2
530,A11,A32,A40,A61,A72,3,A93,A101,4,A121,A143,A152,1,A172,A192,A201,1,1,6,1
531,A12,A32,A46,A61,A74,3,A93,A101,1,A123,A143,A152,2,A173,A191,A201,8,4,4,1
533,A14,A33,A41,A61,A73,4,A94,A101,4,A121,A143,A151,1,A173,A191,A201,3,3,6,1
534,A14,A32,A43,A62,A74,4,A94,A101,3,A122,A143,A152,1,A173,A192,A201,6,2,2,1
536,A13,A34,A46,A61,A72,2,A91,A101,1,A123,A143,A151,1,A173,A191,A201,5,4,5,2
537,A11,A32,A40,A65,A71,4,A92,A101,3,A122,A143,A152,1,A174,A192,A201,1,3,8,1
538,A12,A34,A4244,A61,A75,3,A92,A101,4,A122,A143,A152,1,A173,A192,A201,5,6,6,1
539,A11,A32,A40,A61,A75,4,A93,A101,4,A124,A141,A153,1,A174,A191,A201,8,8,7,2
540,A13,A32,A4244,A61,A72,1,A92,A101,1,A122,A142,A152,1,A172,A191,A201,5,6,7,1
542,A14,A33,A40,A61,A75,4,A93,A101,4,A124,A143,A153,2,A173,A192,A201,6,4,8,1
545,A14,A34,A40,A61,A75,4,A93,A101,4,A121,A143,A152,2,A172,A191,A201,3,2,8,1
547,A14,A34,A40,A61,A73,4,A92,A101,4,A123,A143,A152,1,A173,A192,A201,6,4,6,1
548,A14,A32,A43,A61,A74,3,A93,A101,1,A123,A141,A152,1,A173,A191,A201,6,3,4,1
549,A11,A31,A43,A61,A73,4,A92,A101,4,A121,A141,A152,1,A172,A191,A201,3,1,2,2
550,A14,A34,A41,A65,A74,2,A93,A101,1,A124,A143,A153,2,A173,A192,A201,8,8,5,1
551,A14,A34,A45,A65,A74,4,A92,A101,4,A121,A143,A152,2,A173,A191,A201,3,1,1,1
552,A14,A31,A43,A63,A75,2,A93,A101,4,A122,A141,A152,1,A172,A191,A201,1,3,7,1
553,A11,A32,A43,A61,A74,1,A94,A103,1,A121,A143,A152,2,A173,A192,A201,8,8,5,2
554,A12,A34,A40,A62,A72,4,A93,A101,1,A123,A143,A152,1,A173,A191,A201,3,4,3,1
556,A12,A32,A43,A61,A72,2,A93,A101,1,A123,A142,A152,1,A173,A191,A201,3,2,1,2
557,A12,A30,A40,A62,A72,3,A92,A101,3,A123,A143,A152,2,A173,A191,A201,5,4,3,2
558,A14,A30,A40,A65,A73,1,A92,A101,4,A122,A141,A152,2,A173,A192,A201,5,7,3,2
559,A11,A31,A4244,A61,A74,3,A93,A101,4,A123,A141,A152,1,A173,A191,A201,6,6,3,2
560,A12,A34,A4244,A61,A72,2,A93,A101,2,A121,A143,A152,2,A172,A191,A201,5,4,4,2
561,A11,A32,A41,A65,A75,4,A93,A101,4,A124,A141,A153,1,A173,A192,A201,6,5,7,1
562,A11,A31,A43,A61,A74,4,A93,A103,4,A123,A141,A151,1,A172,A191,A201,6,3,2,2
563,A13,A33,A43,A61,A72,2,A92,A101,1,A122,A141,A152,1,A173,A191,A201,1,1,3,1
564,A12,A32,A40,A65,A73,1,A93,A101,4,A124,A143,A153,1,A173,A192,A201,8,8,6,2
565,A12,A33,A49,A65,A73,4,A93,A101,2,A122,A141,A152,2,A174,A192,A201,6,7,6,1
566,A12,A33,A43,A62,A74,3,A92,A101,2,A122,A143,A151,2,A173,A192,A201,6,3,1,1
567,A11,A32,A40,A61,A74,2,A91,A101,3,A123,A143,A152,1,A173,A191,A201,3,3,6,2
568,A14,A34,A43,A64,A75,2,A93,A101,2,A123,A143,A152,1,A173,A191,A201,6,5,5,1
569,A12,A32,A43,A65,A74,4,A93,A101,1,A123,A143,A152,2,A173,A192,A201,8,7,6,1
570,A11,A32,A43,A61,A73,3,A92,A101,2,A123,A143,A152,1,A173,A192,A201,8,8,4,2
571,A11,A32,A4244,A61,A72,4,A92,A101,4,A121,A143,A151,1,A172,A192,A201,6,6,1,2
573,A14,A32,A41,A65,A71,2,A92,A101,4,A122,A143,A151,1,A174,A192,A201,6,7,2,1
575,A12,A32,A43,A61,A75,4,A93,A101,4,A123,A143,A152,2,A172,A191,A201,2,2,3,1
576,A14,A34,A4244,A61,A74,2,A92,A102,3,A123,A141,A152,2,A173,A191,A201,4,5,2,1
578,A14,A34,A46,A65,A73,3,A92,A101,2,A123,A143,A152,2,A173,A192,A201,6,4,5,1
579,A12,A34,A40,A61,A72,4,A91,A101,4,A123,A143,A152,2,A173,A191,A201,8,5,3,2
580,A14,A32,A410,A61,A72,4,A94,A101,3,A123,A143,A152,2,A172,A191,A201,6,1,3,1
581,A12,A34,A40,A61,A75,3,A93,A103,3,A121,A141,A152,2,A173,A191,A201,5,2,4,2
582,A12,A34,A40,A61,A72,1,A93,A101,3,A121,A141,A152,2,A172,A191,A201,3,6,7,1
583,A14,A32,A4244,A61,A73,4,A92,A101,2,A121,A143,A151,1,A173,A191,A201,2,3,2,1
584,A12,A32,A45,A61,A72,4,A93,A101,1,A124,A143,A151,1,A172,A191,A201,8,5,5,2
585,A14,A32,A40,A65,A75,4,A92,A101,4,A124,A143,A153,1,A174,A192,A201,3,4,8,1
586,A11,A32,A4244,A61,A73,1,A92,A101,4,A121,A141,A151,1,A173,A191,A201,5,4,1,2
588,A11,A32,A4244,A61,A73,4,A93,A103,1,A122,A143,A152,1,A172,A191,A201,3,2,1,1
589,A11,A32,A4244,A61,A73,4,A94,A101,3,A121,A143,A152,1,A172,A192,A201,5,2,7,2
590,A11,A34,A4244,A61,A75,3,A93,A101,3,A122,A143,A152,2,A173,A191,A201,3,4,8,2
591,A11,A34,A43,A61,A74,4,A92,A101,3,A121,A143,A152,4,A172,A192,A201,3,1,8,1
593,A14,A32,A49,A64,A75,4,A92,A101,4,A121,A141,A152,1,A172,A191,A201,5,3,6,1
594,A12,A32,A40,A61,A73,3,A92,A101,4,A122,A143,A151,1,A172,A192,A201,6,5,1,2
596,A12,A31,A40,A62,A72,1,A92,A101,1,A122,A142,A152,1,A172,A191,A201,1,1,4,2
597,A11,A32,A40,A61,A74,4,A92,A101,4,A123,A143,A151,2,A173,A191,A201,6,3,1,2
598,A12,A30,A49,A61,A73,1,A93,A101,4,A121,A143,A152,3,A172,A192,A201,6,7,6,2
599,A14,A34,A40,A61,A74,2,A93,A101,2,A122,A141,A152,2,A173,A191,A201,5,5,4,2
600,A14,A33,A49,A61,A73,1,A93,A101,2,A124,A143,A153,1,A173,A191,A201,6,6,4,1
601,A12,A32,A43,A61,A72,1,A92,A103,1,A121,A143,A152,1,A173,A191,A201,1,5,7,1
603,A12,A31,A46,A61,A74,4,A92,A101,4,A124,A141,A153,1,A172,A191,A201,6,4,5,2
605,A13,A32,A4244,A61,A72,4,A92,A101,2,A122,A143,A152,1,A173,A191,A201,2,2,1,1
606,A11,A31,A4244,A63,A73,4,A93,A101,4,A121,A142,A152,1,A173,A192,A201,6,5,1,1
608,A12,A32,A43,A62,A73,4,A92,A102,4,A124,A143,A153,1,A173,A191,A201,8,5,8,2
609,A14,A32,A43,A61,A72,4,A93,A101,1,A121,A143,A152,1,A173,A191,A201,5,4,5,1
610,A14,A32,A41,A65,A75,4,A93,A101,4,A124,A141,A153,1,A173,A191,A201,4,2,7,1
611,A11,A32,A4244,A62,A71,4,A92,A101,3,A122,A143,A152,1,A173,A191,A201,3,1,1,2
612,A13,A32,A40,A62,A75,1,A92,A101,4,A124,A143,A153,1,A172,A191,A201,2,2,7,2
613,A11,A32,A43,A64,A72,4,A92,A101,2,A123,A141,A152,1,A173,A191,A201,5,6,3,1
614,A11,A31,A41,A61,A73,1,A92,A103,4,A123,A141,A151,1,A173,A191,A202,6,6,1,1
617,A12,A33,A43,A65,A73,2,A93,A101,2,A124,A143,A153,1,A174,A191,A201,8,8,3,1
618,A11,A34,A40,A61,A73,1,A93,A101,3,A121,A143,A151,3,A173,A191,A201,1,6,6,1
620,A14,A32,A40,A61,A73,4,A91,A101,2,A121,A143,A152,1,A172,A191,A201,3,1,7,1
621,A12,A34,A49,A61,A74,2,A93,A101,3,A122,A143,A152,2,A173,A191,A201,5,6,3,1
622,A14,A34,A40,A61,A73,3,A93,A101,2,A122,A141,A152,2,A173,A191,A201,5,3,4,2
623,A14,A32,A49,A65,A73,4,A91,A101,2,A121,A141,A152,1,A173,A191,A201,8,6,6,2
625,A11,A32,A43,A61,A73,4,A93,A101,4,A124,A143,A153,2,A173,A191,A201,5,5,8,2
626,A14,A32,A43,A65,A75,4,A93,A101,2,A123,A143,A152,1,A173,A191,A201,4,4,5,1
627,A13,A32,A4244,A61,A73,2,A93,A101,2,A121,A143,A152,1,A173,A192,A201,1,4,6,1
628,A12,A31,A40,A62,A74,2,A93,A101,3,A124,A143,A152,1,A173,A191,A201,2,3,3,2
629,A14,A34,A4244,A63,A73,4,A93,A101,4,A121,A143,A152,2,A173,A192,A201,8,7,6,1
630,A14,A32,A46,A65,A75,1,A93,A101,4,A121,A143,A152,1,A172,A191,A201,2,6,8,1
631,A11,A32,A43,A61,A73,2,A92,A101,4,A123,A143,A152,1,A173,A191,A201,6,6,3,1
632,A11,A31,A4244,A61,A73,4,A93,A101,3,A123,A141,A152,1,A173,A191,A201,5,3,7,2
635,A12,A32,A40,A61,A72,3,A92,A101,4,A123,A143,A152,1,A172,A192,A201,6,2,2,2
636,A14,A32,A46,A61,A75,4,A93,A101,4,A122,A141,A152,3,A173,A192,A201,3,3,7,1
637,A14,A32,A43,A63,A74,4,A92,A101,1,A123,A143,A152,1,A173,A191,A201,6,3,3,1
638,A14,A33,A43,A61,A74,2,A93,A101,4,A123,A143,A152,2,A173,A192,A201,8,8,1,1
641,A11,A32,A46,A61,A71,4,A92,A101,1,A121,A143,A152,1,A171,A191,A201,5,1,3,2
642,A12,A32,A45,A61,A75,4,A93,A101,4,A123,A143,A152,2,A172,A191,A201,4,2,6,1
643,A14,A32,A46,A62,A73,3,A93,A101,2,A122,A143,A152,1,A174,A192,A201,4,7,6,2
645,A11,A34,A43,A61,A74,4,A94,A101,1,A122,A143,A152,2,A174,A192,A201,5,4,4,1
646,A14,A33,A49,A65,A72,4,A93,A101,4,A123,A143,A151,2,A173,A192,A201,8,8,3,2
647,A11,A30,A4244,A61,A73,2,A91,A103,2,A121,A143,A152,2,A173,A191,A201,7,7,4,1
648,A14,A32,A40,A63,A73,2,A92,A101,2,A122,A143,A152,1,A173,A191,A201,3,3,2,2
649,A13,A32,A40,A61,A74,4,A93,A101,3,A124,A141,A153,1,A173,A191,A201,6,1,6,2
650,A11,A32,A46,A61,A73,4,A93,A101,4,A123,A143,A151,1,A172,A191,A201,3,1,6,2
651,A11,A32,A46,A61,A74,4,A93,A101,1,A124,A143,A153,1,A174,A192,A201,8,8,8,1
653,A11,A32,A40,A61,A75,4,A93,A102,1,A121,A143,A152,1,A173,A191,A201,6,4,7,2
655,A14,A34,A41,A61,A74,4,A93,A101,3,A123,A143,A152,2,A173,A192,A201,6,5,5,1
656,A11,A32,A40,A61,A71,1,A93,A101,4,A124,A143,A153,1,A173,A191,A201,3,7,1,1
658,A14,A32,A43,A65,A74,4,A93,A101,3,A123,A142,A152,1,A173,A192,A201,8,8,6,1
659,A12,A30,A49,A61,A73,2,A92,A101,1,A123,A143,A152,2,A173,A191,A201,7,7,3,1
660,A12,A34,A4244,A61,A75,2,A93,A101,1,A124,A143,A152,1,A173,A192,A201,5,7,6,1
662,A11,A32,A40,A65,A73,4,A94,A101,2,A123,A143,A152,1,A173,A191,A201,3,1,1,2
663,A14,A32,A4244,A61,A75,4,A93,A101,2,A121,A143,A152,2,A173,A191,A201,5,4,8,1
664,A12,A33,A4244,A61,A71,4,A93,A101,1,A122,A142,A152,2,A174,A192,A201,1,2,5,1
665,A13,A34,A46,A61,A73,2,A92,A101,4,A122,A143,A152,1,A172,A191,A201,1,1,8,1
666,A14,A34,A410,A61,A71,4,A93,A102,2,A124,A141,A152,2,A174,A192,A201,6,7,3,1
667,A12,A31,A4244,A64,A73,4,A93,A101,2,A123,A142,A152,1,A173,A192,A201,7,6,5,1
668,A14,A31,A49,A61,A73,1,A92,A101,1,A121,A142,A152,1,A173,A191,A201,8,6,3,1
669,A11,A34,A40,A61,A75,3,A93,A102,4,A122,A143,A151,2,A173,A192,A201,3,7,7,2
670,A13,A34,A43,A61,A75,4,A93,A101,4,A122,A143,A152,1,A173,A191,A201,7,5,7,1
671,A14,A34,A49,A62,A73,3,A93,A101,3,A122,A143,A152,2,A172,A192,A201,6,7,3,1
673,A14,A32,A40,A61,A75,2,A93,A101,4,A122,A143,A152,1,A174,A192,A201,8,8,7,1
675,A14,A33,A49,A63,A72,4,A93,A101,2,A121,A141,A152,1,A172,A191,A201,5,5,6,2
676,A14,A34,A43,A61,A74,4,A92,A101,4,A123,A143,A151,1,A174,A192,A201,7,7,2,1
677,A14,A34,A4244,A61,A75,4,A93,A101,4,A123,A143,A152,1,A173,A192,A201,6,7,5,1
678,A12,A32,A43,A62,A73,2,A94,A101,2,A123,A143,A152,1,A173,A191,A201,8,7,2,2
679,A11,A32,A43,A61,A75,4,A93,A101,4,A121,A141,A151,1,A172,A191,A201,6,5,8,1
680,A14,A32,A43,A61,A72,3,A92,A101,1,A121,A143,A152,1,A173,A191,A201,5,3,2,1
681,A14,A32,A46,A61,A72,1,A92,A101,2,A124,A143,A152,1,A173,A191,A201,1,3,8,1
684,A14,A34,A43,A61,A72,3,A94,A101,3,A124,A143,A153,3,A173,A192,A201,6,7,7,1
685,A12,A33,A49,A62,A74,1,A93,A101,3,A122,A143,A152,2,A172,A192,A201,8,8,4,1
686,A14,A32,A40,A65,A73,4,A93,A101,4,A124,A143,A153,1,A173,A192,A201,8,8,5,1
687,A13,A34,A43,A65,A74,4,A93,A101,2,A122,A143,A152,2,A173,A192,A201,2,2,3,1
688,A12,A33,A40,A62,A75,4,A93,A101,3,A124,A143,A153,1,A173,A191,A201,8,5,4,1
689,A14,A32,A43,A62,A75,3,A93,A102,4,A123,A143,A152,1,A173,A192,A201,2,5,5,1
690,A11,A32,A40,A64,A73,1,A93,A101,3,A122,A143,A152,1,A173,A191,A201,3,6,4,1
693,A12,A32,A43,A62,A72,2,A93,A101,1,A123,A143,A152,1,A173,A191,A201,6,5,3,1
694,A11,A34,A40,A65,A72,1,A93,A101,3,A121,A143,A152,2,A172,A191,A201,1,7,7,1
695,A14,A32,A43,A61,A74,4,A93,A101,2,A123,A143,A152,1,A173,A192,A201,6,4,3,1
696,A14,A32,A41,A63,A73,2,A93,A101,4,A122,A143,A151,1,A173,A191,A201,1,2,8,1
697,A12,A32,A43,A61,A74,4,A93,A103,3,A121,A143,A152,2,A173,A191,A202,3,2,3,1
698,A14,A34,A40,A61,A71,1,A92,A101,2,A122,A143,A152,1,A171,A191,A201,3,1,6,1
699,A14,A34,A43,A61,A73,4,A93,A101,2,A123,A143,A152,2,A173,A191,A201,5,3,2,1
701,A14,A32,A4244,A63,A73,4,A92,A101,4,A123,A143,A151,1,A172,A191,A201,3,2,3,2
703,A13,A32,A43,A62,A75,4,A92,A101,2,A124,A143,A153,1,A173,A192,A201,6,3,7,1
704,A12,A33,A49,A62,A75,4,A93,A101,2,A122,A142,A152,2,A173,A191,A201,7,5,6,1
705,A12,A32,A49,A61,A72,4,A92,A101,1,A122,A143,A152,1,A173,A192,A201,7,5,4,1
707,A12,A32,A40,A62,A74,3,A93,A101,2,A122,A143,A152,1,A173,A191,A201,8,8,2,2
708,A12,A30,A4244,A61,A72,4,A92,A101,3,A122,A143,A151,2,A173,A191,A201,3,5,2,2
709,A12,A32,A43,A61,A75,4,A92,A101,4,A121,A143,A152,1,A173,A191,A201,2,2,2,1
711,A14,A34,A43,A63,A75,4,A93,A101,3,A122,A141,A152,2,A174,A192,A201,5,1,4,1
712,A11,A31,A46,A61,A75,4,A92,A101,4,A124,A143,A153,1,A173,A191,A201,1,2,5,2
713,A14,A32,A41,A65,A75,4,A93,A101,4,A121,A143,A152,1,A174,A192,A201,5,5,7,1
714,A11,A34,A43,A61,A73,4,A93,A101,4,A121,A143,A152,2,A172,A191,A201,2,2,2,1
715,A12,A32,A40,A61,A74,4,A93,A101,2,A124,A143,A152,1,A174,A192,A201,8,8,3,2
716,A14,A34,A41,A65,A75,1,A93,A101,4,A123,A143,A152,2,A173,A191,A201,7,8,8,1
717,A14,A34,A43,A65,A75,3,A93,A101,2,A123,A143,A152,2,A173,A192,A201,7,6,6,1
718,A14,A32,A43,A61,A73,4,A93,A101,2,A124,A143,A153,1,A174,A192,A201,5,3,4,1
719,A13,A34,A43,A65,A73,3,A93,A101,2,A123,A143,A152,2,A173,A192,A201,6,6,4,1
720,A12,A30,A41,A62,A75,3,A94,A101,4,A123,A141,A152,2,A173,A192,A201,5,7,4,1
721,A13,A30,A43,A61,A72,4,A93,A101,2,A123,A143,A152,2,A174,A192,A201,2,2,5,2
722,A12,A31,A46,A64,A72,4,A92,A101,2,A122,A141,A151,1,A173,A191,A201,1,1,2,2
723,A11,A32,A40,A61,A73,4,A92,A101,2,A121,A143,A152,1,A172,A191,A201,3,2,2,2
725,A14,A32,A40,A61,A73,3,A92,A101,3,A121,A143,A151,1,A173,A191,A201,7,5,1,2
726,A14,A34,A40,A64,A73,2,A92,A101,2,A121,A141,A152,2,A172,A191,A201,1,1,6,1
727,A14,A34,A43,A63,A73,2,A94,A101,2,A122,A143,A152,2,A172,A191,A201,4,2,7,1
731,A12,A33,A43,A61,A72,1,A93,A101,2,A123,A143,A152,1,A173,A191,A201,6,7,5,1
732,A11,A32,A43,A61,A73,2,A93,A101,4,A121,A143,A151,1,A172,A191,A201,6,4,1,2
733,A12,A32,A43,A61,A74,4,A92,A103,2,A121,A143,A152,1,A172,A191,A201,1,1,7,1
734,A14,A32,A41,A64,A73,2,A92,A101,4,A123,A143,A151,1,A173,A192,A201,6,5,3,1
737,A12,A32,A41,A61,A73,1,A92,A101,4,A123,A143,A151,2,A174,A191,A201,6,8,1,2
738,A11,A32,A40,A62,A73,3,A93,A101,4,A123,A143,A152,1,A172,A192,A201,5,7,5,1
740,A12,A30,A49,A62,A73,4,A92,A101,4,A123,A143,A151,2,A172,A191,A201,7,7,2,2
741,A11,A31,A40,A62,A74,2,A93,A101,3,A123,A141,A152,1,A173,A191,A201,6,5,4,1
742,A12,A31,A43,A61,A73,4,A93,A101,4,A121,A142,A152,1,A172,A191,A201,2,1,1,1
743,A14,A32,A43,A65,A75,4,A93,A101,3,A122,A143,A152,1,A173,A192,A201,5,6,6,1
744,A11,A31,A4244,A63,A73,4,A93,A101,4,A121,A142,A152,1,A173,A192,A201,6,5,1,1
745,A11,A34,A4244,A65,A74,4,A93,A101,4,A122,A143,A152,2,A174,A192,A201,8,8,4,1
746,A11,A34,A49,A61,A72,3,A93,A101,1,A122,A141,A152,2,A172,A191,A201,3,3,3,1
748,A11,A32,A40,A61,A72,3,A92,A101,1,A121,A143,A152,1,A172,A191,A201,3,2,6,2
749,A14,A32,A41,A65,A73,1,A93,A101,3,A123,A143,A152,1,A173,A191,A201,5,7,2,1
750,A14,A32,A41,A61,A74,2,A93,A101,2,A123,A143,A152,1,A173,A191,A201,4,6,5,1
751,A11,A32,A4244,A61,A75,2,A92,A101,1,A122,A141,A152,1,A173,A192,A201,1,1,7,1
752,A11,A32,A40,A61,A72,1,A92,A101,2,A123,A143,A152,1,A172,A191,A201,5,1,1,2
753,A12,A32,A49,A62,A74,2,A92,A101,4,A121,A143,A151,1,A172,A191,A201,3,1,1,1
754,A14,A34,A43,A61,A74,4,A92,A101,2,A123,A143,A152,2,A173,A191,A201,7,7,2,1
755,A14,A33,A45,A64,A75,4,A93,A101,4,A124,A143,A153,2,A173,A191,A201,3,3,8,2
757,A13,A34,A40,A61,A73,1,A93,A101,1,A121,A143,A152,3,A171,A191,A202,1,2,8,1
760,A11,A34,A40,A61,A75,4,A93,A101,3,A122,A143,A152,2,A173,A191,A201,3,1,5,2
761,A14,A34,A40,A65,A75,1,A92,A101,4,A123,A143,A152,1,A173,A192,A201,4,7,8,1
762,A11,A34,A4244,A61,A73,4,A92,A101,4,A121,A143,A151,2,A173,A191,A201,5,4,2,2
763,A11,A32,A43,A61,A73,4,A93,A101,3,A122,A143,A152,1,A172,A191,A201,3,4,2,1
764,A14,A34,A40,A65,A75,4,A93,A101,4,A124,A143,A153,1,A174,A192,A201,5,8,4,2
765,A14,A34,A40,A62,A74,4,A94,A101,3,A122,A143,A152,2,A173,A192,A201,6,5,3,1
766,A12,A32,A43,A61,A75,3,A94,A103,3,A121,A141,A152,2,A172,A191,A201,3,2,6,1
767,A11,A32,A4244,A61,A72,2,A91,A101,4,A122,A143,A152,1,A172,A191,A201,7,6,4,2
768,A14,A32,A41,A65,A72,1,A92,A101,4,A121,A143,A151,1,A173,A191,A201,2,5,4,1
769,A12,A34,A4244,A61,A75,1,A93,A101,4,A123,A143,A151,3,A173,A192,A201,3,6,3,1
770,A14,A34,A43,A61,A75,2,A93,A101,4,A121,A143,A152,2,A172,A192,A201,3,3,8,1
772,A11,A34,A46,A61,A73,3,A92,A101,2,A124,A143,A152,2,A174,A192,A201,8,8,2,2
773,A14,A34,A41,A61,A75,1,A93,A101,4,A123,A143,A152,1,A174,A192,A201,5,6,6,1
774,A14,A34,A43,A62,A75,4,A93,A101,4,A122,A141,A152,2,A173,A191,A201,6,4,8,1
775,A13,A34,A40,A63,A71,2,A93,A101,4,A124,A141,A153,3,A171,A191,A201,3,3,8,1
778,A11,A32,A43,A61,A74,4,A92,A103,1,A121,A143,A152,1,A173,A191,A201,5,6,2,1
780,A12,A32,A45,A61,A71,2,A92,A101,4,A123,A143,A152,1,A173,A192,A201,5,6,8,1
781,A12,A34,A43,A61,A74,2,A93,A103,2,A121,A143,A152,2,A173,A191,A201,8,7,2,2
782,A14,A34,A40,A64,A75,4,A93,A101,4,A121,A143,A152,1,A173,A192,A201,6,4,8,1
783,A12,A30,A410,A61,A73,2,A93,A101,2,A121,A143,A152,1,A172,A192,A201,3,3,4,1
784,A12,A32,A40,A62,A72,4,A92,A101,2,A122,A141,A152,1,A172,A191,A201,3,1,1,2
785,A12,A32,A41,A65,A71,1,A91,A101,4,A121,A143,A152,1,A174,A192,A201,5,8,8,1
786,A12,A32,A49,A64,A73,4,A93,A101,2,A122,A143,A152,1,A172,A192,A201,5,4,5,1
787,A14,A32,A43,A63,A75,3,A93,A101,4,A123,A143,A152,1,A173,A191,A201,5,5,6,1
788,A14,A34,A41,A65,A75,4,A93,A101,3,A123,A143,A152,2,A173,A192,A201,8,5,6,1
790,A11,A34,A46,A61,A73,4,A93,A101,3,A124,A141,A152,1,A173,A192,A201,8,7,3,2
791,A12,A32,A49,A61,A75,2,A92,A101,4,A122,A143,A152,1,A173,A191,A201,5,2,6,2
792,A14,A32,A41,A65,A75,3,A93,A101,4,A123,A143,A152,1,A174,A192,A201,6,7,6,1
793,A14,A34,A4244,A65,A73,1,A94,A101,2,A122,A143,A152,2,A173,A191,A201,1,2,3,1
794,A13,A32,A4244,A61,A75,3,A91,A101,4,A124,A143,A153,1,A173,A191,A201,6,5,8,1
795,A14,A32,A4244,A63,A75,4,A93,A101,3,A124,A143,A151,1,A173,A192,A201,6,6,4,1
796,A14,A32,A4244,A62,A72,2,A92,A101,4,A122,A143,A151,1,A173,A191,A201,2,4,1,1
797,A11,A32,A41,A65,A75,1,A93,A101,4,A122,A143,A153,1,A173,A192,A201,5,8,8,2
798,A14,A34,A4244,A61,A72,2,A92,A101,4,A122,A143,A151,2,A172,A191,A201,3,2,1,1
801,A14,A34,A46,A61,A75,4,A93,A101,4,A124,A143,A153,2,A173,A191,A201,6,3,8,1
802,A12,A34,A43,A61,A75,3,A92,A103,4,A121,A141,A151,2,A172,A192,A201,5,3,7,1
804,A14,A34,A43,A65,A75,4,A93,A101,4,A123,A143,A152,2,A173,A191,A201,3,1,5,1
805,A12,A32,A40,A65,A71,1,A92,A101,2,A121,A143,A151,1,A171,A191,A201,3,8,2,1
809,A12,A31,A41,A61,A71,1,A93,A101,2,A124,A141,A153,1,A174,A192,A201,8,8,8,1
810,A12,A30,A40,A61,A72,2,A92,A101,1,A121,A143,A151,2,A171,A191,A201,4,3,2,2
812,A12,A32,A43,A61,A74,3,A94,A103,3,A121,A141,A152,1,A172,A191,A201,1,1,3,1
813,A11,A34,A41,A61,A74,4,A93,A101,4,A123,A143,A152,2,A173,A192,A201,8,8,2,2
814,A11,A32,A4244,A61,A73,3,A93,A101,4,A123,A143,A152,1,A173,A191,A201,8,6,8,2
815,A11,A32,A40,A61,A74,4,A93,A101,4,A124,A143,A153,1,A173,A191,A201,8,6,7,2
816,A12,A33,A40,A61,A73,2,A92,A101,2,A122,A143,A151,1,A173,A191,A201,8,8,8,1
820,A11,A32,A43,A61,A73,4,A94,A101,3,A121,A141,A152,1,A173,A191,A201,5,2,2,2
822,A13,A32,A43,A61,A73,3,A94,A101,1,A123,A143,A152,1,A173,A191,A201,3,5,2,1
823,A11,A32,A4244,A61,A75,2,A93,A101,2,A122,A141,A152,1,A173,A191,A201,8,5,6,2
824,A11,A34,A40,A61,A75,4,A93,A101,4,A121,A143,A152,2,A172,A191,A201,1,1,7,1
827,A11,A34,A40,A61,A75,1,A92,A101,4,A121,A141,A151,3,A173,A192,A201,5,6,5,2
828,A14,A30,A49,A61,A73,2,A93,A101,2,A123,A142,A152,2,A173,A191,A201,5,7,6,2
830,A12,A33,A49,A65,A73,4,A93,A101,4,A124,A143,A153,1,A173,A192,A201,8,8,6,1
831,A14,A33,A49,A63,A73,4,A93,A101,2,A123,A143,A152,2,A173,A192,A201,6,5,7,1
833,A11,A30,A49,A61,A75,2,A93,A101,4,A123,A143,A151,2,A173,A191,A201,8,8,3,2
836,A11,A30,A40,A61,A73,4,A93,A101,4,A123,A141,A152,2,A173,A191,A201,3,2,7,2
837,A14,A32,A43,A65,A73,4,A92,A101,2,A123,A143,A152,1,A173,A191,A201,3,1,1,1
838,A14,A32,A4244,A61,A72,1,A92,A101,3,A121,A143,A151,1,A172,A191,A201,1,1,1,1
839,A11,A34,A41,A61,A75,4,A93,A101,4,A122,A143,A152,2,A173,A192,A201,6,5,8,1
841,A11,A32,A4244,A61,A74,4,A93,A101,2,A122,A143,A152,1,A173,A191,A201,8,7,3,2
842,A14,A33,A41,A61,A73,3,A93,A101,2,A121,A142,A152,2,A172,A191,A201,5,5,3,1
843,A14,A32,A45,A61,A72,4,A92,A101,4,A121,A143,A152,1,A173,A191,A201,5,4,1,2
844,A14,A31,A49,A61,A74,4,A93,A101,4,A123,A141,A152,1,A173,A192,A201,6,3,8,1
847,A14,A32,A40,A65,A73,2,A93,A101,4,A123,A143,A151,2,A173,A191,A201,5,8,8,2
848,A14,A32,A40,A61,A72,4,A94,A101,2,A121,A143,A152,1,A173,A191,A201,6,2,3,1
850,A11,A32,A43,A61,A75,4,A93,A101,4,A121,A142,A152,1,A172,A191,A201,3,1,8,2
851,A11,A34,A40,A61,A73,4,A94,A103,2,A122,A141,A151,2,A173,A191,A202,5,4,5,2
852,A14,A34,A41,A65,A74,3,A93,A101,4,A122,A143,A152,2,A173,A192,A201,6,7,7,1
854,A11,A31,A40,A61,A74,4,A93,A101,4,A124,A143,A153,2,A172,A191,A201,5,3,4,2
855,A14,A33,A40,A61,A75,2,A93,A101,2,A123,A143,A152,2,A173,A192,A201,8,8,7,1
856,A14,A32,A40,A62,A72,4,A94,A101,3,A121,A143,A152,1,A173,A192,A201,6,3,5,1
858,A14,A34,A4244,A61,A73,4,A93,A101,2,A124,A143,A153,1,A173,A192,A201,4,6,3,1
859,A11,A32,A40,A61,A73,3,A92,A101,2,A122,A143,A152,1,A173,A192,A201,4,6,3,2
860,A14,A32,A40,A62,A73,1,A93,A103,2,A121,A143,A151,1,A173,A191,A202,2,6,2,1
861,A14,A34,A41,A64,A73,4,A93,A101,2,A121,A143,A152,2,A173,A191,A201,6,7,3,1
862,A14,A33,A49,A61,A73,4,A94,A101,2,A123,A143,A152,1,A173,A192,A201,5,4,3,2
863,A11,A32,A43,A61,A72,4,A92,A101,4,A121,A143,A152,1,A173,A192,A201,6,5,5,2
864,A14,A34,A4244,A64,A72,4,A93,A101,2,A121,A142,A152,2,A172,A192,A201,7,7,4,1
865,A14,A32,A4244,A61,A73,2,A93,A101,2,A121,A141,A151,1,A172,A191,A201,2,4,2,2
866,A14,A32,A4244,A63,A73,2,A92,A101,4,A123,A143,A151,1,A173,A191,A201,4,4,1,1
867,A11,A32,A43,A61,A72,4,A92,A101,1,A123,A142,A152,1,A173,A191,A201,5,5,3,1
868,A14,A34,A4244,A61,A75,2,A93,A101,4,A122,A142,A152,1,A173,A191,A201,3,6,7,1
869,A14,A32,A49,A65,A75,3,A93,A101,2,A122,A143,A152,2,A173,A191,A201,8,8,6,1
870,A11,A32,A4244,A61,A75,4,A92,A101,4,A122,A143,A151,1,A173,A191,A201,3,1,2,1
871,A14,A33,A4244,A63,A74,2,A92,A101,4,A123,A143,A152,2,A173,A192,A201,8,8,6,1
872,A13,A34,A40,A61,A75,1,A93,A101,4,A121,A143,A152,2,A173,A191,A202,1,2,7,1
873,A11,A34,A49,A62,A74,4,A93,A101,1,A121,A143,A152,2,A173,A192,A201,6,3,2,1
875,A11,A32,A4244,A61,A73,2,A93,A102,2,A122,A143,A152,1,A172,A191,A201,3,6,3,1
876,A12,A34,A40,A64,A73,4,A92,A101,4,A123,A143,A152,2,A173,A191,A201,2,2,6,1
877,A11,A31,A43,A61,A72,3,A93,A102,4,A124,A141,A153,1,A174,A192,A201,5,4,6,1
878,A14,A32,A43,A61,A75,4,A93,A101,2,A123,A143,A152,1,A173,A191,A201,8,6,3,1
879,A11,A32,A40,A61,A72,3,A93,A101,2,A124,A143,A153,1,A174,A192,A201,2,3,3,2
880,A14,A34,A43,A65,A74,2,A93,A101,3,A122,A143,A152,2,A173,A191,A201,7,8,6,1
881,A14,A32,A41,A61,A74,3,A93,A101,3,A123,A143,A152,1,A174,A192,A201,6,8,6,1
882,A14,A32,A41,A65,A73,2,A91,A101,4,A124,A143,A153,1,A173,A192,A201,6,8,7,1
883,A12,A34,A40,A65,A75,4,A93,A101,4,A121,A143,A152,2,A173,A191,A201,7,4,6,1
887,A12,A34,A49,A65,A74,4,A93,A101,3,A124,A143,A152,2,A173,A192,A201,6,5,5,1
888,A12,A32,A49,A61,A73,2,A93,A101,2,A123,A143,A152,1,A173,A192,A201,8,8,1,2
889,A14,A34,A40,A61,A75,4,A93,A101,4,A123,A143,A152,2,A174,A192,A201,8,8,5,1
890,A14,A31,A41,A65,A72,3,A93,A103,4,A121,A141,A151,2,A173,A192,A201,7,8,6,1
891,A11,A34,A49,A61,A75,4,A93,A101,4,A123,A142,A152,4,A174,A192,A201,7,5,7,1
892,A14,A34,A43,A61,A75,4,A93,A101,4,A123,A143,A152,2,A173,A192,A201,4,4,7,1
893,A11,A34,A40,A61,A73,4,A93,A101,4,A122,A141,A152,2,A172,A191,A202,3,4,6,1
894,A12,A34,A41,A61,A73,3,A93,A101,4,A123,A143,A152,2,A173,A192,A201,8,7,5,1
896,A14,A33,A41,A65,A74,3,A93,A101,2,A123,A142,A152,1,A174,A192,A201,8,8,4,1
897,A11,A32,A43,A61,A72,4,A92,A101,4,A122,A143,A151,1,A174,A192,A201,5,5,3,1
899,A14,A32,A4244,A65,A74,1,A92,A101,4,A121,A141,A151,1,A172,A191,A201,4,4,5,1
900,A11,A32,A4244,A61,A73,2,A93,A102,3,A123,A143,A152,1,A173,A191,A201,5,7,7,2
901,A11,A34,A40,A61,A75,2,A93,A103,4,A122,A141,A151,1,A173,A192,A201,4,5,7,2
902,A14,A34,A40,A65,A72,2,A91,A101,4,A121,A143,A152,2,A173,A192,A201,5,6,7,1
903,A14,A34,A41,A65,A75,2,A93,A101,4,A124,A143,A153,2,A173,A191,A201,8,8,7,1
906,A11,A32,A43,A61,A73,2,A93,A101,2,A121,A143,A151,1,A174,A192,A201,3,2,1,1
907,A11,A32,A40,A65,A74,2,A93,A102,2,A121,A143,A152,1,A172,A191,A202,5,6,2,1
908,A12,A32,A46,A65,A73,2,A94,A101,2,A123,A143,A152,1,A173,A191,A201,8,6,3,1
909,A14,A33,A41,A61,A72,1,A92,A101,2,A122,A143,A152,2,A172,A191,A201,4,6,7,1
910,A12,A32,A40,A65,A73,1,A92,A101,2,A121,A143,A152,1,A172,A191,A201,2,6,5,1
911,A14,A33,A43,A61,A73,4,A92,A101,4,A121,A143,A152,2,A173,A191,A201,8,7,5,1
912,A12,A34,A4244,A61,A72,2,A92,A101,4,A123,A141,A152,1,A172,A191,A201,6,7,2,2
913,A12,A32,A43,A65,A75,2,A92,A101,4,A123,A143,A152,1,A173,A191,A201,7,5,2,1
915,A11,A31,A49,A61,A73,4,A93,A101,2,A122,A143,A151,1,A173,A192,A201,6,6,4,2
916,A12,A30,A410,A61,A73,1,A92,A101,2,A122,A141,A152,1,A174,A192,A202,8,8,4,2
918,A11,A32,A40,A61,A75,1,A93,A101,4,A124,A141,A152,1,A174,A192,A201,1,8,8,2
920,A11,A32,A4244,A61,A75,4,A93,A101,2,A122,A143,A151,1,A174,A192,A201,6,6,6,2
921,A14,A34,A4244,A61,A73,4,A92,A101,2,A124,A143,A152,2,A173,A191,A201,5,4,3,1
922,A14,A33,A43,A63,A74,4,A93,A101,1,A123,A143,A152,1,A174,A192,A201,8,8,6,1
923,A11,A32,A43,A61,A72,3,A92,A101,4,A122,A143,A151,1,A173,A191,A201,2,3,1,2
924,A12,A32,A40,A61,A74,3,A93,A101,4,A122,A143,A151,1,A173,A192,A201,3,4,4,1
926,A11,A31,A40,A61,A72,4,A93,A101,2,A123,A141,A152,2,A173,A192,A201,3,1,7,2
927,A11,A34,A4244,A61,A72,4,A92,A101,4,A122,A143,A151,1,A173,A191,A201,5,1,1,1
928,A11,A32,A41,A61,A74,4,A93,A101,4,A124,A142,A153,3,A173,A192,A201,8,8,6,2
929,A14,A32,A43,A65,A75,4,A93,A101,4,A123,A143,A152,1,A173,A192,A201,7,4,8,1
930,A11,A33,A40,A61,A73,4,A93,A101,2,A121,A143,A152,2,A172,A191,A201,3,2,7,1
932,A12,A32,A43,A61,A72,4,A92,A101,2,A123,A143,A152,1,A173,A192,A201,2,3,1,2
933,A14,A34,A40,A61,A73,3,A93,A101,1,A121,A143,A152,2,A173,A191,A201,2,2,4,1
934,A14,A34,A43,A63,A75,4,A93,A101,4,A122,A143,A152,2,A173,A192,A201,3,1,7,1
936,A12,A33,A43,A62,A72,4,A93,A101,3,A124,A142,A152,2,A174,A191,A201,7,4,4,2
937,A13,A32,A43,A61,A73,3,A92,A101,2,A121,A143,A152,1,A172,A191,A201,2,1,3,2
940,A14,A34,A41,A65,A73,2,A93,A101,4,A122,A143,A152,2,A174,A192,A201,6,8,7,1
941,A14,A32,A40,A65,A72,2,A93,A101,3,A122,A143,A152,1,A174,A192,A201,3,6,7,1
943,A14,A32,A4244,A65,A74,4,A93,A101,2,A123,A142,A152,1,A173,A192,A201,6,1,4,1
944,A14,A34,A40,A61,A74,2,A93,A101,1,A121,A143,A152,3,A172,A191,A201,1,3,7,1
945,A11,A32,A4244,A61,A72,4,A92,A103,1,A122,A143,A151,1,A173,A191,A201,4,4,7,1
947,A11,A31,A4244,A63,A72,4,A93,A101,4,A124,A143,A153,1,A173,A192,A201,6,6,4,2
948,A14,A32,A40,A65,A71,4,A93,A101,4,A124,A143,A152,1,A174,A192,A201,3,5,6,1
950,A14,A32,A43,A62,A75,2,A93,A101,4,A123,A143,A152,2,A173,A191,A201,6,6,4,2
951,A12,A34,A49,A61,A71,3,A94,A101,3,A123,A143,A152,3,A171,A192,A201,5,6,6,1
952,A11,A33,A49,A61,A74,2,A93,A101,1,A123,A143,A152,2,A173,A192,A201,8,4,2,2
953,A12,A32,A41,A63,A72,3,A92,A101,4,A123,A143,A151,1,A173,A191,A201,6,7,3,2
954,A14,A32,A4244,A61,A71,4,A92,A101,2,A123,A143,A152,2,A174,A192,A201,8,8,2,2
955,A11,A32,A40,A61,A73,4,A92,A103,4,A122,A143,A152,1,A173,A192,A201,3,4,3,1
958,A12,A34,A43,A61,A75,2,A93,A101,4,A121,A143,A152,3,A172,A191,A201,2,2,6,1
960,A12,A32,A4244,A62,A75,4,A93,A101,4,A124,A143,A153,1,A173,A191,A201,6,6,4,1
961,A14,A34,A43,A61,A75,2,A94,A101,2,A121,A143,A151,2,A173,A191,A201,1,3,4,1
963,A14,A32,A40,A65,A73,3,A93,A101,2,A124,A143,A152,1,A173,A191,A201,4,6,3,1
965,A12,A32,A45,A61,A72,3,A94,A101,1,A122,A143,A152,1,A172,A191,A201,1,1,1,1
966,A12,A32,A43,A65,A73,4,A92,A101,1,A123,A143,A152,1,A173,A191,A201,7,3,2,1
967,A12,A34,A43,A63,A73,4,A93,A101,2,A122,A143,A152,2,A172,A191,A201,7,5,1,2
968,A14,A32,A43,A61,A75,4,A92,A101,2,A123,A141,A151,1,A174,A192,A201,4,6,8,1
969,A14,A32,A43,A65,A74,2,A94,A101,4,A122,A143,A151,1,A173,A192,A201,8,8,3,1
970,A11,A34,A40,A61,A73,1,A93,A101,2,A121,A143,A152,2,A172,A191,A201,2,6,6,1
971,A12,A32,A45,A62,A73,4,A93,A103,2,A121,A143,A152,1,A173,A191,A201,4,3,1,1
972,A14,A32,A40,A61,A73,1,A93,A101,4,A122,A143,A152,1,A172,A191,A201,6,8,7,1
974,A11,A32,A49,A61,A75,4,A93,A102,4,A124,A143,A151,1,A173,A191,A201,8,8,6,2
976,A13,A32,A43,A63,A73,3,A92,A101,3,A123,A143,A152,1,A172,A191,A201,6,2,8,1
978,A12,A33,A49,A65,A75,4,A93,A101,2,A122,A143,A152,2,A173,A191,A201,5,5,7,1
980,A12,A31,A40,A62,A73,2,A94,A101,2,A122,A143,A151,1,A173,A191,A201,4,2,2,2
981,A12,A34,A4244,A61,A74,2,A93,A101,2,A122,A143,A152,1,A173,A191,A201,7,8,7,2
982,A14,A32,A49,A61,A71,3,A93,A101,2,A123,A141,A151,1,A174,A192,A201,8,7,5,2
983,A13,A32,A40,A62,A73,1,A92,A101,1,A123,A141,A152,1,A174,A192,A201,5,5,3,1
984,A11,A32,A41,A61,A73,2,A93,A101,2,A122,A143,A152,1,A173,A191,A201,8,8,2,2
985,A14,A34,A4244,A61,A74,2,A93,A101,2,A122,A143,A152,2,A172,A191,A201,6,4,4,1
986,A11,A34,A4244,A61,A73,4,A92,A101,3,A122,A143,A151,2,A173,A191,A201,4,3,2,1
988,A14,A32,A43,A62,A71,2,A92,A101,4,A121,A143,A152,1,A173,A191,A201,3,3,8,1
989,A11,A32,A41,A61,A71,4,A93,A101,2,A124,A143,A153,1,A174,A192,A201,6,8,3,1
990,A12,A34,A43,A61,A75,4,A93,A101,2,A122,A143,A152,2,A172,A191,A201,6,3,7,1
991,A14,A34,A46,A65,A72,2,A93,A101,1,A122,A143,A152,2,A172,A191,A201,3,6,6,1
992,A14,A31,A43,A62,A75,4,A93,A101,4,A123,A141,A152,1,A172,A191,A201,4,3,5,1
993,A11,A32,A43,A65,A74,2,A94,A101,4,A123,A143,A151,2,A172,A191,A201,5,4,1,1
994,A11,A32,A4244,A61,A71,4,A93,A101,3,A122,A143,A152,1,A174,A192,A201,8,6,4,1
995,A14,A32,A40,A65,A75,4,A93,A101,3,A123,A143,A152,1,A173,A192,A201,3,5,8,1
998,A14,A32,A43,A61,A75,4,A93,A101,4,A123,A143,A152,1,A173,A191,A201,3,1,6,1
999,A11,A32,A43,A61,A73,4,A93,A101,4,A124,A143,A153,1,A173,A192,A201,8,4,1,2
1000,A12,A34,A41,A62,A71,3,A93,A101,4,A123,A143,A152,1,A173,A191,A201,8,7,3,1
